Timestamp,Email Address,Full Name (in Capital letters),Mobile Number,Gender,Date of Birth,Caste :,If belong to Reserve Category (e.g SC/ST/OBC/NT etc.) kindly attach relevant document indicating Caste,SSC Result (kindly upload SSC marksheet - Even online is accepted),Aadhaar Card (OR any other document indicating Age ),If ₹200 has been paid kindly attach the payment screenshot showing payment details of registration,Passport Size Photo,"Kindly register by making payment of ₹200.To make payment click here   https://pages.razorpay.com/pl_FCgdh0OW9UvBrC/view  OR scan QR code
(Ignore if payment already made)",Applying for :,Column 14,Column 14,Column 1
12/27/2025 19:54:00,sejal.p28@gmail.com,MRS SEJAL AMIT RAVAL,8779948550,Female,1/28/1988,General (Open),,https://drive.google.com/open?id=1VOj53Uc80PLAlt5aVjzyLnW_DmVIj8K-,https://drive.google.com/open?id=1y603zsKv5jgezUR2ejIfzduBiblRM4BM,https://drive.google.com/open?id=1ojMlfBpOw2z5yDnWx8uyXumJXi4jEdB1,https://drive.google.com/open?id=1E297Nz6ZRicccA_sFV4ISPYmyWEzxoOx,Payment done ,Diploma in 3D Animation and Graphics,,,
1/6/2026 20:11:13,996akashkamble@gmail.com,Akash,8779031816,Male,11/4/1996,Schedule Caste (SC),https://drive.google.com/open?id=10d1h5mjYJz_JJx-KAAgHs7bYGTFEW3H-,https://drive.google.com/open?id=1Ue7Q82Tj5erzvKRHdAsC6nNQ_Kymkdw2,https://drive.google.com/open?id=1A5RARTIrezMIvzx0yTloWEk3Qnm123Zg,https://drive.google.com/open?id=1q4eqwELUBxHQHevdModMkPzZVcuwjlxp,https://drive.google.com/open?id=1qVv82Ql4k8ThMt2ZlhjItiJ5SJDzqnSW,,Diploma in 3D Animation and Graphics,,,
4/16/2026 22:09:50,sejalsable64@gmail.com,ARYAN JITENDRA PATHANE,8652193600,Male,7/28/2008,Schedule Caste (SC),https://drive.google.com/open?id=1a0TCXy4K8Fifg1gIf0CIW3DqsSonSPtm,https://drive.google.com/open?id=1DN5j8Q7DzwWslLBVtW8Yp3rVOoc6JD7i,https://drive.google.com/open?id=1IG4inHQ7I85jV0TDyCHvdsoSqUIujzWC,https://drive.google.com/open?id=1ANaX8J4zCRsPxwsEyBVZcWgpH8-yIBH4,https://drive.google.com/open?id=17dMNIybEv6thxNUpEtfpJXhczXv-eues,,Diploma in 3D Animation and Graphics,,,
4/21/2026 8:45:25,rushikorade1993@gmail.com,JAGDHISH MARUTI GAIKWAD,7710881527,Male,6/13/1977,Other Backward Classes (OBC),https://drive.google.com/open?id=1NhxSYMg_ne6JVY6zgJb9_IPqLLsDm5Fv,https://drive.google.com/open?id=1-msSX5NCT-swgYz26rXulkwmGI78wwTF,https://drive.google.com/open?id=1sDWAKMYJB6qdPuC5mC8fZTU4k69Oa3D-,https://drive.google.com/open?id=1IXpZKJL_FOre2MD7HhD9QT3fhNC6CThM,https://drive.google.com/open?id=1MCJT9-6W9EJVRfWxbCAFaa-j6yrvM0xZ,Paid ,Diploma in 3D Animation and Graphics,,,
4/23/2026 13:37:54,shubhamkharatmol456@gmail.com,SHUBHAM MARUTI KHARATMOL,9136239504,Male,10/26/2005,Schedule Caste (SC),https://drive.google.com/open?id=1BggzeSvL5Whd8ra4kjAew0pogtSnxZq0,https://drive.google.com/open?id=1Apz6YjtTJMBPLRxNMe0lGUMO2RZpXzgt,https://drive.google.com/open?id=1g3O_tR5AmL0YtRqsCUQ42A2Ap7raBQa3,https://drive.google.com/open?id=1O16Luk6NtD7s1_pbDTep9HqXrFnlHAVK,https://drive.google.com/open?id=1Hl601mXd2tkpZTcr1v8y2EWxd1X2imAW,DONE,Diploma in 3D Animation and Graphics,,,
4/24/2026 11:41:13,animation@idemi.org,Saanvi Sachin Howal,9136792398,Female,10/19/2008,Schedule Caste (SC),https://drive.google.com/open?id=1q2iZYNHn9n3PDyKJmLUcF3WuDxbNAn2V,https://drive.google.com/open?id=1x1p67wXv4BUsngXHT2N1vuWbW4Pj7-F9,https://drive.google.com/open?id=1myYniiTKA7eK_V7DmwKSvzg2rDbuH62o,https://drive.google.com/open?id=1XPe3eunX6yqb1My3Ur4iKCAu0E16uRxU,https://drive.google.com/open?id=1Yn0ubDF-laekVmypslFqYfrat48V94Cu,,Diploma in 3D Animation and Graphics,,,
4/24/2026 23:29:15,mk10121381@gmail.com,MANISH KUMAR,6204026011,Male,1/1/2010,Other Backward Classes (OBC),https://drive.google.com/open?id=1lwhdwrxxewap7A_LJHbNARXN_Xmb5poP,https://drive.google.com/open?id=1BitlL6E9d9or6AoWKBKCBa8n1uJW4B9F,https://drive.google.com/open?id=1krK5UgkJ3BtFehId5J7S8OfYp8_emF8h,https://drive.google.com/open?id=1nECpLX6a1IIwsbRR850JQqjdr5DYJ14V,https://drive.google.com/open?id=1sAmEdT8o6AC6VW4Xyw8Bk9qDiPXOiW4c,,Diploma in Tool & Die Making,,,
4/24/2026 23:39:01,mk10121381@gmail.com,MANISH KUMAR,6204026011,Male,1/1/2010,Other Backward Classes (OBC),https://drive.google.com/open?id=1qpT2jTw9WBzETSK_mTGswOOvZGyjEy3F,https://drive.google.com/open?id=1z5cD1IQAp98NehP_pK-0kCE5wA4rXDed,https://drive.google.com/open?id=1uiZZAiQOqHgIyFw2kKNzpZXmnaLDN7OY,https://drive.google.com/open?id=1fswkxxHAbgPCz0Zy4BSfhcoKbvmc03j8,https://drive.google.com/open?id=1hH-7wuLiaw2LqvYTkVd7pum9WvN9rG6q,,Diploma in Mechatronics and Robotics,,,
4/25/2026 17:29:13,kartikrajput9890@gmail.com,ATHARV BABUSING RAJPUT,8237097977,Male,4/22/2010,Others,https://drive.google.com/open?id=1kfSFNwoSrcPSoTHmApv53rUd4yIFES9e,https://drive.google.com/open?id=18kO-pGK-vGE8WtcM_-cJeLbzVXqr7vS0,https://drive.google.com/open?id=1noYPs1aDk9acKBRJ2MoANHWEOm3tsR3M,https://drive.google.com/open?id=1skJu9aJABNygKGFSW5Y1hQSbMRQ-CP5W,https://drive.google.com/open?id=1TCSlMCxLPuHq0WJCg9Pv1ei1rE_oQP9Q,,Diploma in 3D Animation and Graphics,,,
4/30/2026 14:56:26,animation@idemi.org,PRACHI RAMESH TUPE,8879449805,Female,12/2/2007,Schedule Caste (SC),https://drive.google.com/open?id=17XifHfndhabEU91fOjpRgcKrRNg-OH5I,https://drive.google.com/open?id=1LiEsWeQ0bSolqYqM3lOCV-XEr8JT0m_0,https://drive.google.com/open?id=1GbwXIKjTPXiMc5eW7Ob0iDaQy3NlN3Ue,https://drive.google.com/open?id=16ANnUVhs50gRtMph2Dru6mu9tyAqgnbZ,https://drive.google.com/open?id=1miar9omfG2iE1G1gVMG-lJsQIYnahMgD,,Diploma in 3D Animation and Graphics,,,
5/5/2026 11:17:11,sivaillapu@gmail.com,DUMMULA CHANDRA CHIRANJEEVI,9320262876,Male,3/23/2011,Schedule Caste (SC),https://drive.google.com/open?id=1RdhA1sXLKPKuRGvG4GdT53iGEBC1OelZ,https://drive.google.com/open?id=12qIoQZY9f-rStfAwaZhSnS4KEBOePY5q,https://drive.google.com/open?id=1pAq6IdqAjEW0O6LAyohkueYhUMqDIT2d,https://drive.google.com/open?id=1LtDlZqMhZkSBHazCe1j-cZrLHeo4DLB6,https://drive.google.com/open?id=1E4lc1x9Eo6zj1qtcarHdiqLyPIhs2FAO,,Diploma in Mechatronics and Robotics,,,
5/6/2026 15:36:51,sarwadevandana@gmail.com,BODHI DEEPAK SARWADE ,8879593584,Male,4/30/2008,Schedule Caste (SC),https://drive.google.com/open?id=1Wk-E-zD02cGT5gNP-U8GufdMFNG6kNkY,https://drive.google.com/open?id=1kXUqx_ELCKTQvz3N7TM_nk03kBFSRejE,https://drive.google.com/open?id=1wKRkCwKLW7J9NOidEGdAlJV9puuYMZlN,https://drive.google.com/open?id=1UshfEHbhR4aLssaLQk-0uwzZz99Z3Gub,https://drive.google.com/open?id=1FmRNWg6-J_z2R6F9cESEiXJhaoIir5at,paid,Diploma in 3D Animation and Graphics,,,
5/9/2026 11:30:20,amodspecial@gmail.com,DURVESH AMOD DEO,8976124398,Male,5/18/2010,General (Open),,https://drive.google.com/open?id=1vJ9zg97HANueX6qUH7deLU7zv8rTZMp2,https://drive.google.com/open?id=1jkJkRapxC8Ws9vu398LKRUbxJ8QIjgAi,https://drive.google.com/open?id=1Yq04agKXgwOKJIwRKLDec9HPO80NWnJ8,https://drive.google.com/open?id=1Pok9w9r2ugcoJG4DF4dswkVycByCrzi0,,Diploma in Mechatronics and Robotics,,,
5/10/2026 13:39:40,jhsayyed04@gmail.com,IBREZ HUSSAIN AWEZ HUSSAIN SAYYED,9773343954,Male,11/20/2010,General (Open),,https://drive.google.com/open?id=1bLruARzpxEkro1b61W87WGUDOkFswmsH,https://drive.google.com/open?id=1PnoNm58W4up2lqiJzyd_yll_2tJotSSi,https://drive.google.com/open?id=1STmZTYh4lL_Udg3IeuVGgDthr8vP6qcs,https://drive.google.com/open?id=1_Y5cPPFQ4ys9RgJXQCreI4w4xgzac34v,,Diploma in Mechatronics and Robotics,,,
5/10/2026 14:47:41,rudyraj.sharma@gmail.com,RUDRAKSH RAJAN SHARMA ,9356985621,Male,5/28/2010,General (Open),,https://drive.google.com/open?id=1CrBwKCbs2nGi6i1_IFqUBpuvg6d4EVOV,https://drive.google.com/open?id=1uoY_qn_CUKBzuWzeVO7-TBKkfzxWFTJB,https://drive.google.com/open?id=1zBtr10b3JjsfjBF4oeKiDTbt-j0y5upm,https://drive.google.com/open?id=1wDhVKdu-qvejHu65W2YqUb7hIGY6cDkP,,Diploma in Mechatronics and Robotics,,,
5/11/2026 10:37:54,sushilbs@gmail.com,AYUSH SUSHIL BAGVE,9869683506,Male,9/27/2010,General (Open),,https://drive.google.com/open?id=1v2ayANVXrTaBdlqWNLZyOj1YvsMWLbFU,https://drive.google.com/open?id=1K2MUVF_b93uRJLZRphRO7VCc8ryE0qoY,https://drive.google.com/open?id=1vg5kxsbrW5B6rG7zZC5DJ8ezGiTVppYd,https://drive.google.com/open?id=1lPJIyEDbGGQIB0L-2ypC4nVHE5fQEmHc,,Diploma in Mechatronics and Robotics,,,
5/11/2026 14:52:54,aadarshchintakindi1206@gmail.com,AADARSH RAMESH CHINTAKINDI,9769561050,Male,6/12/2005,General (Open),,https://drive.google.com/open?id=1RsgIQDrN3eN1QPq-aVgOvx5wlm40Hpfd,https://drive.google.com/open?id=1oqAKtDHiHYsVBV5ao1p9kSsQJ6BIPpuh,https://drive.google.com/open?id=17BEEVuyv5r6YEgICg7nx6UHc5v4ZAAFD,https://drive.google.com/open?id=1QEAiOqpCTqR7n1ePBEgSsjutNkjhgs-f,application for 2 year diploma in Mechatronics and Robotics ,Diploma in Mechatronics and Robotics,,,
5/12/2026 17:08:19,meriyaramesh@gmail.com,VISHAL RAMESH MERIYA,9324190140,Male,12/2/2009,Schedule Caste (SC),,https://drive.google.com/open?id=1UZNeToJ02yZVb7SPISsncmtP_asN9Yu_,https://drive.google.com/open?id=1D1EcnvLbNem-bwIc74E-P_FnvbH_9Gki,https://drive.google.com/open?id=1GvkPNXc-i-IFa4AttPx0u3PEBRDGnNjl,https://drive.google.com/open?id=1H4lOntQFQpG4W-fLZNvUYktlEkcxxOcW,DONE,Diploma in Mechatronics and Robotics,,,
5/12/2026 20:43:33,devyabaria1@gmail.com,DEVYA YOGESH BARIA ,9892969484,Male,1/11/2011,General (Open),,https://drive.google.com/open?id=1H06zQgSwXCqYN-tyIZRSDKUUX8obuH7b,https://drive.google.com/open?id=1zwqriz3xUgb3QxjqcmQ9EQreqG4S1uGg,https://drive.google.com/open?id=1dQv2bDbn1JjFF7RUBGVcHEdfc1S82s67,https://drive.google.com/open?id=12os45EykzlizfwHcY7gjNBMA8kKQYaiF,,Diploma in Mechatronics and Robotics,,,
5/12/2026 21:26:25,anshkishorpawar@gmail.com,ANSH KISHOR PAWAR,9619422601,Male,5/5/2010,Schedule Caste (SC),https://drive.google.com/open?id=1Dn18c-jqAPk1UKWg9H8M64tO5jHXKIzy,https://drive.google.com/open?id=1AHNXQUHAv_Jgav9WKiIC_1-M8vPo5TVg,https://drive.google.com/open?id=1hTO07qE5g_RWMYLyZn5EpWNQqYvbYRId,https://drive.google.com/open?id=18ItHZFmzdGK9kHP5Gz-a0wDZxJr8BiLZ,https://drive.google.com/open?id=1XsAHnYjjFc4mgZxCfNp5AT7Q62CtJDXy,,Diploma in 3D Animation and Graphics,,,
5/12/2026 22:28:03,pokharkarvaibhav719@gmail.com,JIVAN DEVDAS MORE,8655979392,Male,7/25/2008,General (Open),,https://drive.google.com/open?id=1fGmNQt9yLxN8uGBSCxt5hdEw1Po7MsLc,https://drive.google.com/open?id=1N3TSXK_ERrs0mN7VoHUDAvsbJSTZGl1G,https://drive.google.com/open?id=19iDJuFzd-AUV5n5Nio9iEklsWdk5OhSR,https://drive.google.com/open?id=1w6si8twiBYtqrHEYq8w7PcnMe-_mof_h,Yes,Diploma in 3D Animation and Graphics,,,
5/12/2026 22:35:32,adityaauchare11@gmail.com,Aditya Ashok Auchare ,7350308586,Male,4/27/2003,Schedule Caste (SC),https://drive.google.com/open?id=1Xn1nUEAzY-6prtkxs5zm2H_8LgLqA7-t,https://drive.google.com/open?id=1uofUVFu717w-357emCin5h-8FGIp1fz_,https://drive.google.com/open?id=178AW8JhiZokEAWQiNjzoOk8BUw89mWtz,,https://drive.google.com/open?id=14381EGPd72pYw7FdpraHQCP0_h50a6WG,,Diploma in Mechatronics and Robotics,,,
5/13/2026 13:03:20,vinity627606@gmail.com,Vinit Nandlal Yadav,9819271859,Male,4/24/2005,General (Open),,https://drive.google.com/open?id=1lvnaUyL6Qy9SQF7mgSBPs4PkXadwQ1SW,https://drive.google.com/open?id=1ryQNKjkUi16X-jGFQds1z6nhDJEdJzqg,https://drive.google.com/open?id=1cbjBe7tAXbmgrl6m2rV7HR3Y-l0RNMIa,https://drive.google.com/open?id=1XFRp_Xo90_PPX5FDKe8WkZdNQMT3mREV,application for 2 year in diploma robotics & Mechatronics ,Diploma in Mechatronics and Robotics,,,
5/14/2026 10:25:19,ghadgebharti3@gmail.com,DEVESH CHANDRAKNT GHADGE,9594911688,Male,7/1/2010,Others,,https://drive.google.com/open?id=1AvAjTEem9w3NKp3j9n5hLuF-9Udu1Fac,https://drive.google.com/open?id=1E6lGZSQ3wDuig0NnQ-RRStph_HcTDBxv,https://drive.google.com/open?id=1bHK8D2nCHJWT4pBEbwhPDmTwW28FH3nf,https://drive.google.com/open?id=1C_6O40hw3Nd6e2cBZerNxFzIMYRdBOPs,,Diploma in Mechatronics and Robotics,,,
5/14/2026 13:17:59,devyabaria1@gmail.com,DEVYA BARAIA,9892969484,Male,1/11/2011,General (Open),,https://drive.google.com/open?id=1-79FCg9nrYDpM8-L9YBSF01vOh2G-jsx,https://drive.google.com/open?id=1Fmjmyqjln0EBXt8Z0t7y0xjtiQX9DcJn,https://drive.google.com/open?id=1FsppZe8Aq1QiFKUf6Mk2bSQDg2pwhoXV,https://drive.google.com/open?id=1Jabd3vJYxiB05lkgiBAzihn7S_Css-dd,,Diploma in Tool & Die Making,,,
5/14/2026 19:05:54,siddhanthindlekar005@gmail.com,SIDDHANT RAJESH HINDLEKAR,9404948583,Male,6/16/2007,Schedule Caste (SC),https://drive.google.com/open?id=1Qr0tWA4lc4QDpvt7Cahz0To5aNKh87xX,https://drive.google.com/open?id=12cnfA0XJZtw2JJDBkc6m9Sn9sjEHvX1A,https://drive.google.com/open?id=1YaUneUrApfG4bJOcTNBWPydl35K1_eEp,https://drive.google.com/open?id=1mjOiEd7ZLuML93etfvtFGbv1FF5h5KJJ,https://drive.google.com/open?id=1hH1UjoidrlhfSSLbNqr6c8cPNncZZlHT,The amount of paid,Diploma in 3D Animation and Graphics,,,
5/14/2026 20:48:39,pandurang2491@gmail.com,GANESH PANDURANG WANKHEDE ,8108941332,Male,5/17/2009,Schedule Caste (SC),https://drive.google.com/open?id=1fPgjbbuF619A3UXYGqXZVJhnjS6-nXn-,https://drive.google.com/open?id=1NTbonrI6EOvvXlVuU8zjFrGIYGQIDoov,https://drive.google.com/open?id=1SJ9O0kSrNNc8HPTBR_WeotDx0mjUCPj-,https://drive.google.com/open?id=1nDyoh5LED3eeGmS43FYaZ5wjCQfeccVW,https://drive.google.com/open?id=1f8mmHKaF8ZwkzQFizg6ubxq9hx08R8-p,,Diploma in Mechatronics and Robotics,,,
5/15/2026 13:26:38,somnathsakhale3@gmail.com,SOMNATH SAKHALE,8624029347,Male,5/3/2004,General (Open),,https://drive.google.com/open?id=1EqZxlNN7X3udUI6CR_ycpbiicNUlvdWz,https://drive.google.com/open?id=16cqZwFrSoV5dFsUgoeP-IVDMRksAKwZ5,https://drive.google.com/open?id=1vbm_p_Ex75CkdVccqzHj3MVir6noSbo_,https://drive.google.com/open?id=1gEtLOj7M5ASN9FAanhuC8p2LGLJnhk6S,,Diploma in 3D Animation and Graphics,,,
8/25/2025 8:01:20,shlok3756@gmail.com,Shlok Prakash Shinde ,9867404970,Male,9/29/2009,General (Open),,https://drive.google.com/open?id=1Zv6T4Ik7VgyumI17mxFpxBCpjCqwA9er,https://drive.google.com/open?id=1kQdhKdXwpi3jbWXFEjHmmoaVqRbytpNn,https://drive.google.com/open?id=1l57T-zVg-vAlx2ad3tb-DSNIfzPXfwjd,https://drive.google.com/open?id=1VQ1htOAZC0eLqEDHoousLfIPIGMCbGkQ,,Diploma in 3D Animation and Graphics,,,
8/13/2025 15:52:10,ziyauddins114@gmail.com,SHAIKH MOHD ZIYAUDDIN AAINUL HAQUE,9321650967,Male,11/21/2008,General (Open),,https://drive.google.com/open?id=1n0MzyURqhzLsasrH875fLAt8phwrMby3,https://drive.google.com/open?id=1avhEKDi3PPKKxoHfQL1gsej3l7gmK5VX,https://drive.google.com/open?id=1-fdSlj6FRSkzGGatlZ3wRaPifm661rNY,https://drive.google.com/open?id=1WodBWw6gMwZPqmDowLAu4xwPPmcubg2L,Payment accepted chalega payment IDEMI college mein,Diploma in Mechatronics and Robotics,,,
8/7/2025 12:55:01,shaikhshabina02129@gmail.com,SHABINA SHAIKH SHABBIR ,9594256024,Female,11/1/2006,General (Open),,https://drive.google.com/open?id=1ThgfkZP2FYsiU57Y9lLXgMe_aNKqrS5M,https://drive.google.com/open?id=1KJ1Kg0kJu-KSEVjMkbJxxgoPfwfNF45A,https://drive.google.com/open?id=1aI8jpN8K_zLfqf-bi46j9C95P9Rx_L8T,https://drive.google.com/open?id=1teqPqNeRyqiG7Zzda0RaX8O68KwsHFz_,,Diploma in Tool & Die Making,,,
8/4/2025 14:09:20,ayushjaiswar34@gmail.com,AYUSH JAISWAR ARVIND,8082764853,Male,6/8/2007,Schedule Caste (SC),https://drive.google.com/open?id=1wuPI2N2Ma00Ntmjjh12__yvwsnYRNy_v,https://drive.google.com/open?id=18ogDdBxwnzjXhRTfbCG8RSnoMmAZLltR,https://drive.google.com/open?id=1BXlG62I2YpTNkSO_Nb5fSxosm7UqbPoM,https://drive.google.com/open?id=1jKGCWA_jIGQ8UMjrHHMD5pKyM1z-9gmu,https://drive.google.com/open?id=1V-qOFoj5rgQZI3_I6fAB4kv0n5_0_m67,Payment made,Diploma in Tool & Die Making,,,
8/3/2025 11:56:27,bhumiverma2210@gmail.com,BHUMI VARMA,9702029943,Male,10/22/2005,Schedule Caste (SC),https://drive.google.com/open?id=16skMH7ke88LOwtBtsR2Bdg-XsqPc8eFX,https://drive.google.com/open?id=1OAQZQ5rroftAc1IHn3QdzGOTTc7bz2Pi,https://drive.google.com/open?id=1pnLzvijyG7h3AF_JHDzwKt0ogz0kdjDU,https://drive.google.com/open?id=1YnQXDoT7m42SdOsCACcjoDuLXKw7M_Ul,https://drive.google.com/open?id=1wTXK4lj1OesZcOv1E1QweRKyf5JRfVfH,,Diploma in Tool & Die Making,,,
8/3/2025 11:30:34,bhumiverma2210@gmail.com,BHUMI VARMA,9702029943,Male,10/22/2005,Schedule Caste (SC),https://drive.google.com/open?id=1PLW2s6E8OD_Nmis0LSFdL5R3FWHJgFFD,https://drive.google.com/open?id=1At6E5gj72670qjJGA9Qzb-daqlK5vhDd,https://drive.google.com/open?id=1dq2o3g7UWE095y-cxcLbEWBWHwdbt1cd,https://drive.google.com/open?id=16nDfiyAcLxBdxKsUKwwtZWoS2KjYXoZb,https://drive.google.com/open?id=1jGu4FgVJ5LUD683YJAPERR4v6bDkJATc,,Diploma in Mechatronics and Robotics,,,
7/31/2025 15:39:33,atharvabobade06@gmail.com,ATHARVA LAXMAN BOBADE ,8369635086,Male,5/24/2005,Schedule Caste (SC),https://drive.google.com/open?id=1kzVIeeZ0Hki5pYwZcmPYi4pS10zlz7iW,https://drive.google.com/open?id=1a8NFFHMgBTo4cvEU_GB0dBiMsXVGp7Au,https://drive.google.com/open?id=1mb55dNzzxXeR14y7E1QBvAVO9OlMUR9n,https://drive.google.com/open?id=1jTAHyM-dTQW8ao-VxTxEA10N9IJvPhE3,https://drive.google.com/open?id=1H3pgTeru5epGT2w2zaPrJMP0LbOQoNUl,,Diploma in Mechatronics and Robotics,,,
7/29/2025 13:24:46,sureshthikofficial@gmail.com,RUTUJA NITIN GORIVALE,7977870116,Female,10/18/2007,Other Backward Classes (OBC),https://drive.google.com/open?id=1r4p5-yFwOvGZfmWT5WpfPYQoITF_U1zj,https://drive.google.com/open?id=1rO7wy30Y_QNm-YmY7HxWMEj86gxA8tP7,https://drive.google.com/open?id=1ZvmcGaaWFHqngL7-uwaKgZ_vlbXmR4EI,https://drive.google.com/open?id=1yNZTQQS4ndoxsvds0QIpU5RyRXhr8HFA,https://drive.google.com/open?id=1b5fVKaE79eAgX_BoywLUZT_lP2JySpE0,,Diploma in 3D Animation and Graphics,,,
7/25/2025 21:20:35,prashantjyoti4@gmail.com,LOKESH PRASHANT PAWAR ,8652334025,Male,4/25/2009,General (Open),,https://drive.google.com/open?id=1Nf52ZCqqd65nDhRvr-M6xqVOvuADjs6N,https://drive.google.com/open?id=1-cTFCxmLScnN5kARP2-dj7-2kXQvZ1RW,https://drive.google.com/open?id=1IVWtA6EaAJtpRJie82nbPiT7F_Zviccv,https://drive.google.com/open?id=100fF8PezrYlKpDNzE4-9w9OXgAUYDHXr,I will done online application form ,Diploma in 3D Animation and Graphics,,,
7/25/2025 21:06:15,prashantjyoti4@gmail.com,LOKESH PRASHANT PAWAR ,8652334025,Male,4/25/2009,General (Open),,https://drive.google.com/open?id=1Say7FJOgEQkLoUWYX8frsbcu4-_aStl3,https://drive.google.com/open?id=1CuIpUp6kJsRogJ84GFNGOlY12--R2WA7,https://drive.google.com/open?id=1FJeza_Be9O9hLuW2hP916hji60uSXJuA,https://drive.google.com/open?id=1G4ns5eDdLyWYh__fUyfmkqVaWFBzU3LN,I will Payment of 200 is done 🙏,Diploma in 3D Animation and Graphics,,,
7/25/2025 14:33:53,dambreyogesh85@gmail.com,DISHA ASHOK DAMBRE,8169545808,Female,8/10/2009,Schedule Caste (SC),https://drive.google.com/open?id=12g_0aB9LffraKtSe1CE0nqTkRC0wqlzp,https://drive.google.com/open?id=1SxXf69M-NK4YRSXqatxc4wM2J_ZsQFcl,https://drive.google.com/open?id=1P5F_s_xMXkpdfTeJnusJEFFP8162DQEB,https://drive.google.com/open?id=1OP8eP4Kny5gGt0sLFwM2xKZw12rrhhh-,https://drive.google.com/open?id=1kN-rVwH91HU7L-i9yjIbalryRn6pndCo,,Diploma in Tool & Die Making,,,
7/25/2025 14:25:04,dambreyogesh85@gmail.com,YOGESH RAJU DAMBRE,8169545808,Male,2/18/2009,Schedule Caste (SC),https://drive.google.com/open?id=1X5eR4iUex9Ke1nctfID9PZL0pwxdBKXi,https://drive.google.com/open?id=10vyg7We_1G7selgaPXbJZfopsSFK3OWo,https://drive.google.com/open?id=1GV7Wq4Cfd8N-CqqhV7XPF1-0rjb7cffi,https://drive.google.com/open?id=1vQb5GgAmqjVuDaRv3Am4rMKXrpqedYFd,https://drive.google.com/open?id=1ZBcjSHpCw2_CwIdqXbrGw-IjZuaFv8j-,,Diploma in Tool & Die Making,,,
7/24/2025 19:11:12,gaikwadaryan110@gmail.com,ARYAN VIJAY GAIKWAD ,9321590118,Male,5/15/2007,General (Open),,https://drive.google.com/open?id=1OAOimV4AhWe6o-LCr0kTjDZwCaswb8pK,https://drive.google.com/open?id=1ZTa_Udr7oQQ76u-RPK4gERzo6Vd9zqEQ,https://drive.google.com/open?id=16oOdDTi5_rdHMWNPkYiiuUsRhds4WP6G,https://drive.google.com/open?id=1zZSzkDuXquOzH6SCuauzAIevGy3D6ztw,,Diploma in 3D Animation and Graphics,,,
7/24/2025 12:09:10,idemidiploma@gmail.com,ARYESH NAGESH PAWAR,9763810038,Male,4/1/2010,Schedule Caste (SC),https://drive.google.com/open?id=12AfYi-VjOtRE2jhHpYtsxVQCRXKTRQel,https://drive.google.com/open?id=1zOoPPjin3DFdghreNNBTCJ2WUUNq7V6R,https://drive.google.com/open?id=1Z2Fz7J1OsIE050yWp0Gcy9JdRszDAAqt,https://drive.google.com/open?id=1__duLdzQ7lqxFEaQDjBXv_TomhPtRko0,https://drive.google.com/open?id=1a_JxEKOxl7lgvNW5fFL274i6IkGFxndD,,Diploma in Tool & Die Making,,,
7/22/2025 13:01:38,nikhilsonawane35974@gmail.com,Sarvesh Ravindra sonawane ,                                                                                                                                                                                                                                                                                                                                                                                                                                             ,Male,7/6/2007,Schedule Tribe (ST),https://drive.google.com/open?id=16v8J9HmwQ40bzWWtS3EmYueByUB4niXI,https://drive.google.com/open?id=1uryMeAwW6zCXIelMi1i2-l0baM1ofe1G,https://drive.google.com/open?id=1oUs-lNiROLL8lo82bXKlmlLHE17XXEtO,https://drive.google.com/open?id=1TjXA14CnAo0jh6EYjPzFLfm3LRuwTufh,https://drive.google.com/open?id=1KOTn5c2DpiP7eQjUQ7MlUW21vS_2rveY,Done,Diploma in 3D Animation and Graphics,,,
7/20/2025 18:55:15,aamanjswr@gmail.com,AAMAN RAMESH JAISWAR ,9930599252,Male,5/10/2007,General (Open),,https://drive.google.com/open?id=1ybjqRbQWdFYKiZo2t9ptYjSSz-a-tfz8,https://drive.google.com/open?id=1rkWYgDnFZDFAzEVyaNtgxladT0UO8I1q,https://drive.google.com/open?id=1jb4qcKZJmeghCd417_y9d6UqGhmTREaG,https://drive.google.com/open?id=1gp06wVmondV1bAO2SEw99w1TiVN_-JxR,,Diploma in 3D Animation and Graphics,,,
7/18/2025 21:21:14,sureshthik870@gmail.com,RUTUJA NITIN GORIVALE,7977870116,Female,10/18/2007,Other Backward Classes (OBC),https://drive.google.com/open?id=13qXbR8cdD5GFZUzjotxz9bDla_iuCEPH,https://drive.google.com/open?id=1PghvgVLC_9z9Wmr8usUtucl3KPaZCUJd,https://drive.google.com/open?id=1i7Nm_-lfIc5MIHP3kVdz6DQaH1UO8VYO,https://drive.google.com/open?id=1TBHw18wmsbDZR1PetVMkulabTIDH0JhF,https://drive.google.com/open?id=1KwKYrDDKtf0zQ55X7d-O7q8nkIwFvWSb,,Diploma in Mechatronics and Robotics,,,
7/18/2025 17:04:08,jaywantkumbhar1973@gmail.com,YASH JAYWANT KUMBHAR,8857035055,Male,11/15/2007,Other Backward Classes (OBC),https://drive.google.com/open?id=1MBMfDvfjTBqurW9HeLSrAYecPxLHC0IR,https://drive.google.com/open?id=1bBFrrLlpA0BoXwDc5DjMXAcNtiXUIAvG,https://drive.google.com/open?id=18ox0Iu6UAceFSbppapI8H4lRQuwZPbP9,,https://drive.google.com/open?id=1DC1mQgrxgZbStF2UTkH2R1sKZk-QmTEU,,Diploma in Mechatronics and Robotics,,,
7/18/2025 13:48:56,karanmanke17@gmail.com,Karan Anil Manke,8591363912,Male,10/12/2006,Other Backward Classes (OBC),https://drive.google.com/open?id=1-LborwD2WLovpazC-3oZ9piqa6yU_KKW,https://drive.google.com/open?id=1vLoTkma0F2bM33N2mo_xENZprbKlj6rv,https://drive.google.com/open?id=12NV0uuHtLeWknCdq5oc59nReKlqLeesz,https://drive.google.com/open?id=1cbxCBn7ur8_vPM5RTYonXrBGXx8mLzLX,https://drive.google.com/open?id=1xMC6xSYguo-LsUJR0y-SHgAJzAzQKaYG,,Diploma in 3D Animation and Graphics,,,
7/18/2025 13:43:35,karanmanke17@gmail.com,Karan Anil Manke,8591363912,Male,10/12/2006,Other Backward Classes (OBC),https://drive.google.com/open?id=1Jsp_czb6P60eX1_VbA4JeJmxeym0GZP6,https://drive.google.com/open?id=1_v8-8_W8DQYrLRklLIHSvykHuLm4jSJF,https://drive.google.com/open?id=1M0W-iwB_VEKRdHASLLAD9_tsMkf7zsYh,https://drive.google.com/open?id=1Q04KNNJF_4RScAVGhyPqwV0HaAmYuK4k,https://drive.google.com/open?id=1SHPgrDOB9-RjQNlkI8wOfVaLIPyrZ1bi,,Diploma in 3D Animation and Graphics,,,
7/16/2025 16:53:02,animation@idemi.org,GEETA SURESH SURVASE,9822100769,Female,10/19/2004,General (Open),,https://drive.google.com/open?id=1YZAm-aS7-Tij4kWt-LIV0DvFQo7G3ux5,https://drive.google.com/open?id=1WGD86I-1h8SP_H9WmbROolOtAENkpIPT,https://drive.google.com/open?id=1--MlDZNxRsx0RuV-SGs2CpX8TzBAaQgL,https://drive.google.com/open?id=1Vd8Exvbzr0lhze1mZmp-enLKKPQGOWyy,,Diploma in 3D Animation and Graphics,,,
7/16/2025 15:54:56,shahzadkhanshahzadkhan423@gmail.com,Mohammad Shahzad khan ,7275472748,Male,1/18/2005,General (Open),,https://drive.google.com/open?id=1erZARob_wYaj1st4PrOUDsD7DipUJPAO,https://drive.google.com/open?id=1KRZwnGNNVC3AAmmyMzC5_Ev1gsSuwegv,https://drive.google.com/open?id=1O5VgBcDJi2mHL-66gZcBF3pJ9LUV7len,https://drive.google.com/open?id=16Z_dZ4HV87ylGGzMWDbVI7UZutAmTvLg,,Diploma in 3D Animation and Graphics,,,
7/14/2025 15:08:52,yc6772405@gmail.com,Yash Ajit Chavan ,8689868029,Male,6/2/2010,Other Backward Classes (OBC),https://drive.google.com/open?id=19Gra8Qt3C_wdYRi7DyyRg-GL6T0gTGoj,https://drive.google.com/open?id=1SxrivLGactjNZahEbFAkWbAkaeM6K0x8,https://drive.google.com/open?id=158RR68g8AH6KWqb7u_wktI3Da1tVo2P3,https://drive.google.com/open?id=1D6bpz8PH11De1wJ-sPDnlLYTaPlmN2Sl,https://drive.google.com/open?id=1rquxDqBvQIyUaUlw73lzSbY2v8rthioy,,Diploma in 3D Animation and Graphics,,,
7/14/2025 13:22:56,prasannamane28@gmail.com,PRASANNA SHRINATH MANE,9137024431,Male,6/28/2009,Schedule Caste (SC),https://drive.google.com/open?id=1XDM19x7KOHtfOmpPECKrxjCMde7rilhn,https://drive.google.com/open?id=1jQpgDoiIUTNFfaeeLJHUuD3AzCvApUBc,https://drive.google.com/open?id=1xWNM1UNDqNMIb7wqcreA5093RFO0KSCX,https://drive.google.com/open?id=1nZcDeP3mlm4oS7gabGx91p99RV67-Phy,https://drive.google.com/open?id=1_1ZtqLdflMd9MJU3SAoO2SYuIzDEn797,,Diploma in Tool & Die Making,,,
7/14/2025 11:54:20,samyak2150@gmail.com,SAMYAK SHANKAR KAMBLE ,8263869692,Male,3/27/2007,General (Open),,https://drive.google.com/open?id=1uesXuk7VSVLfp-pmRe0OfOP7BQo-IhX-,https://drive.google.com/open?id=1eGr6atR1PjY5yk_X1mRn00Tx_HXEsund,https://drive.google.com/open?id=1jvLHuxRDQqokrQi5Ufds0xNkSd0gkhZs,https://drive.google.com/open?id=1zHSW8RomITVZT1cLMviMPlUrG5KQ_1yn,Done,Diploma in 3D Animation and Graphics,,,
7/14/2025 11:45:54,samyak2150@gmail.com,SAMYAK SHANKAR KAMBLE ,8263869692,Male,3/27/2007,Schedule Caste (SC),https://drive.google.com/open?id=1xPce3ejNMKz-T6pcfTqBj2VgpBPNc7fA,https://drive.google.com/open?id=13w1Ci73LjGMY-cuWq4vOqSVgHuCePXjg,https://drive.google.com/open?id=1z0ehXRfE0j2w7yy2nkEGthjhnvAynjMP,https://drive.google.com/open?id=1O9YvZ9I_DxhJ6eA_rLF51Q1Sht_PtZtH,https://drive.google.com/open?id=16k6H9v3-PRoj3VZv7g5zOJNpSEfvVo1E,Done,Diploma in 3D Animation and Graphics,,,
7/14/2025 8:10:39,chandelravi1981@gmail.com,ravi chandel,8104249225,Male,4/8/1981,General (Open),,https://drive.google.com/open?id=1uVFLkeyICOSOxC7OflePJlzc6AyOV-s1,https://drive.google.com/open?id=1VUB079XGRPMTJwUNMfgkuQwslacGK8_9,,https://drive.google.com/open?id=1O_ebIPUxBoxtjsCM-nekfGoJQOYMa6Tb,,Diploma in Tool & Die Making,,,
7/11/2025 16:37:43,anabutani45@gmail.com,SUYOG UTTAM MAKASARE ,7718923624,Male,11/29/2008,General (Open),,https://drive.google.com/open?id=1UlnCxx5nHCarOyv_6JSEdmBXXIrLrFgw,https://drive.google.com/open?id=1WrgmL6yGbjmVyWs6iuKT-fDQHuRf9Vn6,,https://drive.google.com/open?id=1YaqiWB5UnuGmCM78Rz0FU_5P_HEmSyHC,,Diploma in Mechatronics and Robotics,,,
7/10/2025 17:25:09,khandumallinathkale10@gmail.com,VIGNITA KHANDU KALE,9222225010,Female,4/7/2019,Schedule Caste (SC),https://drive.google.com/open?id=1f4PhHy4UWlqXjTlJgRvKB5qxswn2gfAN,https://drive.google.com/open?id=1mImnblp7ljrb6b6jTJqZG3JmAyd8P3pa,https://drive.google.com/open?id=1lr89DwmXyktEXdIgKkMz4wkIoGxiesnv,https://drive.google.com/open?id=1izhINhI4YJU1nrlaUoYPLOvQvb1GKJMx,https://drive.google.com/open?id=1G9iXcFQoA3CjFEr_RGIOh62IvMzX2qLt,,Diploma in Mechatronics and Robotics,,,
7/9/2025 22:48:14,niteshphapale804@gmail.com,VEDANT GANESH MAHALE ,8149929808,Male,4/25/2009,Other Backward Classes (OBC),https://drive.google.com/open?id=17euvl6ossnjnQajuWv5OnoCNuX4Dzeh3,https://drive.google.com/open?id=1UucUlAzbw6fdcBXtvML9zukqaaT_UD63,https://drive.google.com/open?id=1exRGEdB7yhy-_kiT-yeCGnY4Sova4UxB,https://drive.google.com/open?id=1aURyqtSd9GSRzKt-oP1ywhap8i52WCkg,https://drive.google.com/open?id=1om9zuybGqGiqBNcgihnBmxf-9OjlF8iD,,Diploma in Mechatronics and Robotics,,,
7/9/2025 13:32:40,rajkapurr433@gmail.com,SANNO RAJKUMAR JAlSVAR,9137115082,Female,1/1/2005,Schedule Caste (SC),https://drive.google.com/open?id=1GNsPi73mXWPSTR5oM0AB8_FmdNilnI9w,https://drive.google.com/open?id=1REZgUodVUFqsue8XPVuW2KPFJqd8ic10,https://drive.google.com/open?id=1EWRbrS8fJHEjXbEr_GDHqRhdcBx2HPnt,,https://drive.google.com/open?id=1EayiRlBKoEL3PyQezhgKD-b9FK1NVxh8,,Diploma in 3D Animation and Graphics,,,
7/9/2025 10:01:27,adityasupane707@gmail.com,ADITYA VIKRAM SUPANE,9594988114,Male,7/29/2007,Other Backward Classes (OBC),https://drive.google.com/open?id=1KNABxeWBvUpPgWdN9SXTQRc8cHDikshI,https://drive.google.com/open?id=1p4yMBSQsj9IjNXzV0-EAWQEV98lc7qqu,https://drive.google.com/open?id=1JMUb6DE3DWxBIg0UQnetwdSiowg9dYla,https://drive.google.com/open?id=1dlnDtZaRiqaLgotcejqjKKCvTg3-wF1Q,https://drive.google.com/open?id=1JtDpS8yr7YqIxSYWumip8o6mwE9OU55z,,Diploma in 3D Animation and Graphics,,,
7/8/2025 13:09:38,anabutani45@gmail.com,SUYOG UTTAM MAKASARE ,7718923624,Male,11/29/2008,Other Backward Classes (OBC),,https://drive.google.com/open?id=1OK0Nm9jK7BJbsMIhA4kpNzYEc40GRQKs,https://drive.google.com/open?id=1zJGQ6tqBo0xn5zZDbsH3DOxPrmi6ppIn,,https://drive.google.com/open?id=1Tgsp5mbLjhYgVxTIGF_s9tBXuZsQgnwI,,Diploma in Mechatronics and Robotics,,,
7/8/2025 12:46:20,anabutani45@gmail.com,SUYOG UTTAM MAKASARE ,7718923624,Male,11/29/2008,Other Backward Classes (OBC),,https://drive.google.com/open?id=1E3RCQCVr2st7Xz2x9ssO3Co-6R7lqvU3,https://drive.google.com/open?id=1KReB2PeBMLkDfxog37gyiwNp1b7Cxwk0,,https://drive.google.com/open?id=1xz9n6VC0YlYMq0CbwDl7y0sm9_Kgzoku,,Diploma in Mechatronics and Robotics,,,
7/8/2025 12:21:47,animation@idemi.org,YASH SUNIL VALSE,8691962826,Male,10/17/2007,Other Backward Classes (OBC),https://drive.google.com/open?id=1lX0Jv56vEpC7nOUoA4HAmSPu0i8KXs8f,https://drive.google.com/open?id=1JldpTu6jhnpD8zFWbqPrkkudC0zBuFw5,https://drive.google.com/open?id=1wipYukeEzD0P6DFVJ5zrvdhEF0Q7s1Mo,https://drive.google.com/open?id=19PFlOroti9I1aPgES4jmk6i6FJ61AZaV,https://drive.google.com/open?id=1bbZfcjGkG7sdRDwYi_NVzQoJNupbLe4y,Paid,Diploma in 3D Animation and Graphics,,,
7/6/2025 15:34:28,smorbale99@gmail.com,VIGHNESH SATAPPA MORBALE ,8424987741,Male,8/25/2006,General (Open),,https://drive.google.com/open?id=1FKLzGk8nwMOMKT4vYraop4WMufYl4VPw,https://drive.google.com/open?id=10iaCHlgqHmDPpmgd6m5HRDYlBNdpVlXu,https://drive.google.com/open?id=1t0dwGGdM6gsrTyplLC98MwZ3ohHAUcsN,https://drive.google.com/open?id=1uwYpq-0bXxu-bA2Zq5Hk4AkMT14wD7lg,,Diploma in 3D Animation and Graphics,,,
7/6/2025 15:25:17,smorbale99@gmail.com,VIGHNESH SATAPPA MORBALE ,8424987741,Male,8/25/2006,General (Open),,https://drive.google.com/open?id=1ktO8-fYuhKnY1CUDpzCWyZia5DP0nkUo,https://drive.google.com/open?id=1iilyf4k2PxuN56EQYDtK3COkKE6D-IIi,,https://drive.google.com/open?id=1A9MH83dCQ1gF3fhqB_kOJ_JEo8jy53Jz,,Diploma in 3D Animation and Graphics,,,
7/5/2025 13:45:34,anshsawant51@gmail.com,ansh vishal sawant,8097706276,Male,5/20/2004,Schedule Caste (SC),https://drive.google.com/open?id=1cnyXVH3nfJ8O26zFtGWrVJlTXEcw6V4i,https://drive.google.com/open?id=1Rhoezuk0zZJ1pOmq1vOocU9w7AFWO9EU,https://drive.google.com/open?id=1oVkzpTl-Xy3AWYumhRwf7WsCxi2wwC6I,https://drive.google.com/open?id=1VNPbKdjgLJwR6J11M6ey2tbaPu-JHHKD,https://drive.google.com/open?id=1X7_TPgc-hUFMDk99SUiUWdc1TtcbKh3X,,Diploma in Mechatronics and Robotics,,,
7/4/2025 20:31:51,sohamsanjaypawar046@gmail.com,SOHAM SANJAY PAWAR,9619069253,Male,8/26/2007,Schedule Caste (SC),https://drive.google.com/open?id=1KlYZWKGm81lnO5TW5uSCF-7O4DuqWosr,https://drive.google.com/open?id=1mitb5TT4psYIrK1Tu8t-P2hjSzaCQaNT,https://drive.google.com/open?id=1zYOzMvVDIvGIr_3hPQ4hc4FD6bK2eNyS,https://drive.google.com/open?id=1FqLiYwg3dleHofRnzi8Oat2doDnpyK6i,https://drive.google.com/open?id=1GD11htct1ygYV6NCCScJNY80b4ZH98Ti,,Diploma in 3D Animation and Graphics,,,
7/4/2025 14:39:13,animation@idemi.org,SIDDHANT SHIVAJI DAWANDE,8433583369,Male,9/30/2003,Other Backward Classes (OBC),https://drive.google.com/open?id=1Elxj4uUmv8tMjTuYY6C2yhZwGnrOO-wU,https://drive.google.com/open?id=1r9BpOm3NkmMdeF1e83GiiYoaQoDvyEYa,https://drive.google.com/open?id=1hgOoT1hTOhIQoHClGXfXNhmV-HpDObNK,https://drive.google.com/open?id=1UWKz0xX8969SzbuAMASLfuYn-SQ91wfy,https://drive.google.com/open?id=1wkBgtSYHD3AZwgQ0fF4TAAAD2olF7Os6,Payment Done,Diploma in 3D Animation and Graphics,,,
7/3/2025 23:56:34,smorbale99@gmail.com,VIGHNESH SATAPPA MORBALE ,8424987741,Male,8/25/2006,General (Open),,https://drive.google.com/open?id=1p4ZWnPdb6thnM6Ek5mD5uT6q5WRARvtG,https://drive.google.com/open?id=1cECI8WGKVfLVJhZKHL1hwJDb_HOjrOQ3,,https://drive.google.com/open?id=1cEXEc7kXdmBBLRAwbV3nUwDKL-7k02a1,,Diploma in 3D Animation and Graphics,,,
7/3/2025 23:13:42,deeptimorbale22@gmail.com,VIGHNESH SATAPPA MORBALE,9082474239,Male,8/25/2006,General (Open),,https://drive.google.com/open?id=1ipv7TPj70CVLWT4qRaRQ9ZZSkbgQoYvt,https://drive.google.com/open?id=1Xh7pyzoeC4c7GCVHqA0Jh-30B1tjZZsP,,https://drive.google.com/open?id=1Qn2_thVCDIjElfYhIRbrljtYQq0wWXQ5,,Diploma in 3D Animation and Graphics,,,
7/2/2025 21:36:49,viruchandorkar@gmail.com,VIRAJ DINESH CHANDORKAR,8652215551,Male,11/8/2007,General (Open),,https://drive.google.com/open?id=1X3CuSVx5yTEnl_deM3rklRVS8eAEDAgA,https://drive.google.com/open?id=1DZmB9893TJ4-Q63Z2xABFoqYqgw1oBFb,https://drive.google.com/open?id=19pqZmRFaxR_RA5U-4RtEv3hIENliriwp,https://drive.google.com/open?id=1E-KpjY54kgEEFSI3H5yNmBeZ8bZHtXWQ,,Diploma in 3D Animation and Graphics,,,
7/2/2025 17:50:11,swapniltastode1739@gmail.com,VINIT SUNIL PARTE, 98676 39904,Male,3/22/2002,General (Open),,https://drive.google.com/open?id=1b9x4AVWDxZg08khVFMJ-HpjXzsuAGmXt,https://drive.google.com/open?id=1HRbIuLGL89e20oa32Hkoqi4Ux7fH9kXs,https://drive.google.com/open?id=1VaTK6G4Ib0tOxAWYeahKo0vPIWKgPEx0,https://drive.google.com/open?id=1A4H6zaAitys8rUkXJJhb8VgWPn4AYfd6,,Diploma in 3D Animation and Graphics,,,
7/1/2025 15:30:04,deepaksumra0@gmail.com,JAINAKSH DEEPAK SUMRA,9324340080,Male,9/22/2007,General (Open),,https://drive.google.com/open?id=1Hxy1iGKAr0ZBs_nkBsFeEQFGsVTVa-78,https://drive.google.com/open?id=1ghAss4PN5j0SGzOuhMTcsMKvRLSii8UR,https://drive.google.com/open?id=1l3ncrXf2Fur-moTHdcEI3J777p8eVxUu,https://drive.google.com/open?id=1se-Il3XTjo4s6ENzgoxTFFNR0iRodNcq,,Diploma in 3D Animation and Graphics,,,
7/1/2025 12:14:42,raulvishal618@gmail.com,VISHAL VIJAY RAUL,7208361102,Male,2/16/2006,Other Backward Classes (OBC),https://drive.google.com/open?id=13yw4vdYff4g_Yrd0FWV89GnFGLDyMM5W,https://drive.google.com/open?id=1hBv27oFA9auZriAlYyYWOYAI73zIATmG,https://drive.google.com/open?id=1ZNUijiZmwJ1N-YsqJ8v-HrjQ5ZdxECzU,https://drive.google.com/open?id=1iy_QKZs_MV9WlOqQ6kTiwq6h3djOGITk,https://drive.google.com/open?id=1ALAwq94CHlbnguS0AFlsqsOecB6dCN2c,,Diploma in 3D Animation and Graphics,,,
7/1/2025 12:08:18,raulvishal618@gmail.com,Vishal Vijay raul ,7208361102,Male,2/16/2006,Other Backward Classes (OBC),https://drive.google.com/open?id=1E7wJkdqi3ZQtntwlf68XlohcRS-8DRU2,https://drive.google.com/open?id=1b_6vqrqx5UzJ27lSpyZ01NDDdtSbm7Do,https://drive.google.com/open?id=1yhe8aTB-VhFrhEYnozcrb56r85yKZ8Cf,https://drive.google.com/open?id=1lfuEofB7Vi3-V5DO4QIcE8drpP-TiWfb,https://drive.google.com/open?id=1e3S8xA5qzdK7CNUFCR7Ps67qk4LpIn5f,,Diploma in 3D Animation and Graphics,,,
6/30/2025 23:54:54,bardeshivani25@gmail.com,Shivani Devanand Barde,8108050544,Female,9/25/2008,Schedule Caste (SC),,https://drive.google.com/open?id=1miVHbcwggrfsn1Wk7NWU2vNPrrglmwHU,https://drive.google.com/open?id=1fG8qVLNeif8er4oIhZr-DHnAhIe-EwpS,https://drive.google.com/open?id=1rM56THuLIqL9b208H_Usl-Wqe8TaFUim,https://drive.google.com/open?id=1wdvSNITyjxfKLGv5B0SYfVAnNS66cSZK,paid,Diploma in 3D Animation and Graphics,,,
6/30/2025 15:52:04,8812rajverma@gmail.com,Minakshi Shriram verma,9326257534,Female,12/26/2009,General (Open),,https://drive.google.com/open?id=14Jy5oszufIzPUTY2orgL58Mt6KB4Sc9c,https://drive.google.com/open?id=1-TdGxv1-oycnKFmSYt8_msITak5PcOSD,https://drive.google.com/open?id=1etpuOl8zyjS9ZSWUKl4OW-stFaepuSUp,https://drive.google.com/open?id=1yfj4sGY3w0_74a2T8CdL-Am51FJuZWxj,Done,Diploma in 3D Animation and Graphics,,,
6/30/2025 11:13:15,sanchitkudtarkar69@gmail.com,SANCHIT SANTOSH KUDTARKAR ,7304903384,Male,10/6/2006,General (Open),,https://drive.google.com/open?id=1czwNoqfaUDH_9CPnqEj7sEd9no9jjS9E,https://drive.google.com/open?id=1zRDQAeOnz8VyHNQoOYAc2HbSL3eu_izi,https://drive.google.com/open?id=1xK3rTqd-8cHvZAyxa7ix9YfSoUrZVGI7,https://drive.google.com/open?id=1SCr-jr1bA5Gm4wODxdJfubBLhY-YbYxQ,,Diploma in 3D Animation and Graphics,,,
6/30/2025 10:20:50,pushpa.control@gmail.com,Krishab Horilal Chourasia,9819495547,Male,6/10/2007,General (Open),,https://drive.google.com/open?id=1V76CseU0Gthh5zrNxYMeE1cjxMNyau7n,https://drive.google.com/open?id=1svI_gD4PB2Z86t9pFp73VFT-u4ANs0O7,https://drive.google.com/open?id=1QIC33_2R051jQTu8oAMxmHwblZZdTVGV,https://drive.google.com/open?id=1uTl7vB-cUD5gdHagBKs4zR_kBZ2I_Ceu,,Diploma in Mechatronics and Robotics,,,
6/27/2025 23:30:11,vinayakshinde6492@gmail.com,PRACHI PRASHANT BHOSALE,8424997877,Female,5/30/2007,Other Backward Classes (OBC),https://drive.google.com/open?id=1TOLO_03-LFSLaRbxd_RibllsTBGkBDHv,https://drive.google.com/open?id=1g0iL-ptX7qU1O3KNIHKBn4FpIs4q6K9r,https://drive.google.com/open?id=1iEtRTaIZe_0Ht6hZvJpyD5fW7rhe6ygd,https://drive.google.com/open?id=18jsjWBImej3s9vBRqHL6jc63c5xigKqg,https://drive.google.com/open?id=1Ur40UjRzNfch91tkjt1VmcqmVyKdfL9w,,Diploma in 3D Animation and Graphics,,,
6/27/2025 15:06:23,prachitpawse@gmail.com,PAWSE PRACHIT PRAVIN,8591614985,Male,9/12/2009,Other Backward Classes (OBC),https://drive.google.com/open?id=1neSPRCSeeohBYVxGM_RionJ-GN8Inrdj,https://drive.google.com/open?id=1dciX-lyASSDEZ_mt-JUv64e_k2xoS2jC,https://drive.google.com/open?id=1B0IlFvEj3XQ3Z6PSWIQJzaAwBfXyQtqq,https://drive.google.com/open?id=16RsUAuEbwmZVXA8CgXd93gd040k8Re-C,https://drive.google.com/open?id=121Wdoa38CulWy3Q8rrDb6NIz7CSWINwu,,Diploma in Mechatronics and Robotics,,,
6/27/2025 12:24:00,mohd.farro1991@gmail.com,Ansari Mohd Ayan Mohd Farhan ,8169450984,Male,7/21/2009,General (Open),,https://drive.google.com/open?id=1gdaIUfSbuXwchQnL__fmww5gFTxN10fn,https://drive.google.com/open?id=1VDbXGHf8OW2U9GEa4IPa5lPwfpMyvNfE,,https://drive.google.com/open?id=1QcaL6RRjazQC3W5dTjkMIcyyz-h8E0YO,Payment done,Diploma in 3D Animation and Graphics,,,
6/26/2025 21:28:48,minakshiballal423@gmail.com,Sarthak mangesh ballal,7410577089,Male,12/5/2007,General (Open),https://drive.google.com/open?id=1JCQqwlzbJymZvZ3kZTeaFzYQrGGk79Fy,https://drive.google.com/open?id=1vj4MSLPTY4HNEQFBPHZHZYCsAWSoOtjF,https://drive.google.com/open?id=15Pqg404sAeVSvjpBfOF8UVzT_HSjmiWh,https://drive.google.com/open?id=1j0wbpjpQXfWRpt6GdUBPJm61pjsQdLJ4,https://drive.google.com/open?id=1Fv-jqDlk7E4c66whjFzqf7fKnaceQL3M,,Diploma in 3D Animation and Graphics,,,
6/26/2025 21:17:59,vasantpowar9324@gmail.com,ROSHAN GANPAT POWAR,7208747195,Male,3/1/2010,Others,https://drive.google.com/open?id=1J2uRNjVT4IXmFuR_xPYMykao_rJUws2Y,https://drive.google.com/open?id=1eGxZG1xdkWlTso_-018305MJNaEu3n6B,https://drive.google.com/open?id=123xjnzs5y3Hl0izODokOV_bkPp7tfOQE,https://drive.google.com/open?id=1CMVchJiqaHdr51DkIOWm3avKMMhb_Ho2,https://drive.google.com/open?id=1XROt8cya9S8l0NbFktV3LPxjzGJTym82,,Diploma in Tool & Die Making,,,
6/26/2025 18:28:59,sahilmanu262922@gmail.com,SAHIL NILESH GAIKWAD,9833805178,Male,4/22/2009,General (Open),,https://drive.google.com/open?id=1uYXKaG99vLfc-xS7wi6rJOwk-378nJPT,https://drive.google.com/open?id=1h-oIfxvyhSvxCfj6PUr1nppaK1Yiv0Vs,https://drive.google.com/open?id=1H3Uj4VQj3gA1KkJa7KJ1wB6Oz19z06U7,https://drive.google.com/open?id=1VlMbav9uMSLN-4m7-K2NBkjsCfNGuA6J,Payment done,Diploma in 3D Animation and Graphics,,,
6/25/2025 22:55:48,harshgaming906@gmail.com,HARSH VISHWANATH PANCHAL.,7400336282,Male,11/9/2006,General (Open),,https://drive.google.com/open?id=1a-QaN2eYDRb9Y-gFBKHccDqBG3i56dtV,https://drive.google.com/open?id=1DVft-OPtJZid5PogfX88OMskRyfcB8Ds,https://drive.google.com/open?id=11sQwokE0e8edcruD5XfGXNWTfdtemCBw,https://drive.google.com/open?id=1Bspiz0W0Unh9sWqts19Ye1cdN6z2LWta,,Diploma in 3D Animation and Graphics,,,
6/25/2025 21:24:20,tanishmhavarkar23@gmail.com,TANISH VINOD MHAVARKAR,9702596623,Male,7/23/2007,General (Open),,https://drive.google.com/open?id=1tTkh6y1mJCpl0lBnsW1iyzugbsULgUAN,https://drive.google.com/open?id=1B_iWCeCcV1G3qjJX8wfS26xi5YZ-_0J3,https://drive.google.com/open?id=1USnZ79rdVobG00N6J7M40On7c4VOt7aa,https://drive.google.com/open?id=19ETgCpJWUOJpyfTmcG9guMEb_U109650,,Diploma in 3D Animation and Graphics,,,
6/25/2025 15:57:45,mrunmaikamble2715@gmail.com,Mrunamai Prashant Kamble,9637442853,Female,9/15/2007,Schedule Caste (SC),https://drive.google.com/open?id=1bSrx7182qomutIzhHgjzCPncJj2JDJxt,https://drive.google.com/open?id=11TfpFNQB4OCzFIU2ChwhTO90dCAEh8on,https://drive.google.com/open?id=1qe1Rk4jEuV7gaOk61W0Xan_xi0QTVHr5,https://drive.google.com/open?id=1gPTNHepktQPcx_rWP-D42XBAW3YJnxo0,https://drive.google.com/open?id=1vOcL1iY-QNXHAsxkzwlaEixfaL8-GSH-,Done,Diploma in 3D Animation and Graphics,,,
6/25/2025 0:36:44,thoratr25@gmail.com,AMULYA RAVINDRA THORAT,9819873060,Female,3/26/2006,General (Open),,https://drive.google.com/open?id=16w2J5REGQuADMQFTYjEek0GHuu63J1Vz,https://drive.google.com/open?id=1-K-Vabj1DCFaNKwFuDAQ2tY_mGFpPpME,https://drive.google.com/open?id=1XDTJLvxwRe7uUgOjDx6jhbPVLDxo6DUI,https://drive.google.com/open?id=1AyEodJLe-n6M17tKwZWuuF8NadKshj4d,Yes,Diploma in 3D Animation and Graphics,,,
6/25/2025 0:26:37,thoratr25@gmail.com,THORAT AMULYA RAVINDRA,9819873060,Female,3/26/2006,Schedule Caste (SC),https://drive.google.com/open?id=1ngOnsCmlJF8CNaokHNoC6MTHYe2uL0YC,https://drive.google.com/open?id=1ZEqcaK0fDuODPigtSi752fCw0WLpoBn6,https://drive.google.com/open?id=1Tj8Q_1ZXCQpUE9jwhFXAtqThF6-_U2iE,https://drive.google.com/open?id=1CeUy2ZGnjcuAdSJV0Ehq_FT27t0nPFnY,https://drive.google.com/open?id=1ir5a9QxsTVVmF7jj6n8F61AhvdxE8PTT,Yes,Diploma in 3D Animation and Graphics,,,
6/24/2025 23:58:21,durden807@gmail.com,Minhaz M khan,8591122032,Male,9/17/2006,General (Open),,https://drive.google.com/open?id=17ZQdp19NhTUIeSvGULXkvyRtPQ0k_9Ou,https://drive.google.com/open?id=1rtdUtjM2ZS47l3Uci8naUQ1aKamav3T3,https://drive.google.com/open?id=1xa0K--ubk7tgC_BIMndNTTvkrWStp4CA,https://drive.google.com/open?id=181p_xG20OQVj-s8ctRnQV3lRt3WMqHP3,Paid ,Diploma in Tool & Die Making,,,
6/23/2025 16:30:10,pranaychandanshive877@gmail.com,PRANAY AJAY CHANDANSHIVE,9819597352,Male,2/18/2007,General (Open),https://drive.google.com/open?id=1-yyb5iOI3EnoOBJwH76901yYS4BcwE2P,https://drive.google.com/open?id=1T_N6rEF7Orl9FC1Kk7Z5_OGV8uIlNtZx,https://drive.google.com/open?id=1GoB5iahS2Au9taR4KduiqvAB2VYCVF1c,https://drive.google.com/open?id=1DzBAOVOyQgepuWWGxYnraKcD-Dh8lPYu,https://drive.google.com/open?id=1fENh1BMXQ3yZ7M-e4IrKBU_kSR8Ou7-n,Paid,Diploma in 3D Animation and Graphics,,,
6/23/2025 15:33:07,tejas41a@gmail.com,Tejas Ram Jadhav,9594523028,Male,12/25/2006,Other Backward Classes (OBC),https://drive.google.com/open?id=1FTF0nmIurr1wST3IpGHzRFRY7SPIzKeL,https://drive.google.com/open?id=10slTMmJgMy-nkSOLOLbRlgwYljrqTF9Q,https://drive.google.com/open?id=1-XGLmh8W9Ub3eTQMludsUibtxWyeDe-Y,https://drive.google.com/open?id=1hhlKfRgmrNDoHis07rg-75q1vfqwoWQo,https://drive.google.com/open?id=1dspZM7CkX2BRffbLaV5Q7-OhC-RS0qsc,Done,Diploma in 3D Animation and Graphics,,,
6/22/2025 22:06:07,amolhowal710@gmail.com,-,9284150748,Male,10/31/2007,Schedule Caste (SC),https://drive.google.com/open?id=1HNNOsQDtwubgVyJnjdN1eSxuGf94GkZv,https://drive.google.com/open?id=1hF-rfjMG0jCHlbRBr4HkjwSWT5l70Jyu,https://drive.google.com/open?id=1Y7XR94tjs_Uc00VKWf0xQyaReZchOIVi,https://drive.google.com/open?id=1Llr2S1CkRf3gyiyWjswcxqHn3oMEfMVb,https://drive.google.com/open?id=1Ag_udZWB0dkaDiDaRbqimX36q4KlxTao,,Diploma in 3D Animation and Graphics,,,
6/22/2025 21:39:56,piyushjadhav252007@gmail.com,PIYUSH BIPIN JADHAV ,9137798382,Male,10/25/2007,General (Open),,https://drive.google.com/open?id=16ACV6zc1CN-mBcWF-0U6gF033_ZQcXxz,https://drive.google.com/open?id=1sAzW35lCfpzB8KOh-8yC-KrpJyOERhAA,https://drive.google.com/open?id=1ZPZX9VN9gwWgtGEzhEouH0LK-hEdK1tR,https://drive.google.com/open?id=1YOuFFOq3vQyUrc_09D3PDXuZcBffG_9E,,Diploma in 3D Animation and Graphics,,,
6/21/2025 20:25:44,shaikhayan4637@gmail.com,AYAN SALIM AHMED SHAIKH,8898531505,Male,6/11/2009,General (Open),,https://drive.google.com/open?id=1iwE7aZFIZEgUMrqyLYSu6aVr2exOuODi,https://drive.google.com/open?id=1M4NjZ5mrJALH5xHdtVy5tYiIAW0IndFf,https://drive.google.com/open?id=1izZ33q903W-buzFEtIQs6SdaWE7_F5XS,https://drive.google.com/open?id=1ZTatm1UpEaHT5d4pskL0IoTn8SIz19yK,,Diploma in Tool & Die Making,,,
6/21/2025 19:55:31,pradipghagare1283@gmail.com,PRIYANSHU SHANKAR KAMBLE,7400299533,Male,10/3/2006,General (Open),,https://drive.google.com/open?id=1pgkKuEzBWfLbSItW9mopJs_CBqf3i-I6,https://drive.google.com/open?id=10IcQ1usil9c-_SGKoeAY6RVs6PaliWFH,https://drive.google.com/open?id=1fhxjYaoqRikHei35YgomhJBSV3e8VL_O,https://drive.google.com/open?id=1wiHJhYb5g747-H-B8wXuCNFoK9VOgZoo,,Diploma in 3D Animation and Graphics,,,
6/21/2025 19:07:20,lordpiyush.2007@gmail.com,PIYUSH BIPIN JADHAV ,9137798382,Male,10/25/2007,Schedule Caste (SC),https://drive.google.com/open?id=1L3xeHUVFg4Qt6PuVX0lsHm1LSBganUJJ,https://drive.google.com/open?id=1JRVvqxheiv3w7w7f1ZWc0MRxrpGySBo3,https://drive.google.com/open?id=1mfrgVxpoo3WULc7gaLztC-Ut2IshH04h,https://drive.google.com/open?id=1GvTVxlZH_qwq-h2jL9JeTgE4fCd6Xpzg,https://drive.google.com/open?id=1Wi9HAb-PURI48HBxPF5up8-Fp4viN2h3,,Diploma in 3D Animation and Graphics,,,
6/21/2025 10:41:55,yuvrajjaiswar421@gmail.com,JAISWAR YUVRAJ BADRINAT ,9004012261,Male,8/23/2007,Schedule Caste (SC),,https://drive.google.com/open?id=1AtjYxiEKmK7p8LjSO85Ef9DK8p05vu15,https://drive.google.com/open?id=17VAugRrWOGRpfDVvLmBSqrHrrQ0B1w2t,https://drive.google.com/open?id=1XvzRAqVuZFfAVhIGehUsR-8XRNV9V9zK,https://drive.google.com/open?id=1O5eJ-YwQHnpINEhWjSfSHjL5EtaPQlJE,,Diploma in Tool & Die Making,,,
6/21/2025 10:20:29,yuvrajjaiswar421@gmail.com,JAISWAR YUVRAJ BADRINAT,9004012261,Male,8/23/2007,Schedule Caste (SC),,https://drive.google.com/open?id=15bauo4V6vO4dLZZYBcNaukpq45iQy6os,https://drive.google.com/open?id=1xZBpUJuv09gmAQCDvd-RjEZxcXMwKp1d,,https://drive.google.com/open?id=1xr03SOjD_DLUTPDMeu_IMXnwsjKlru31,,Diploma in Tool & Die Making,,,
6/21/2025 9:54:59,dhruvjagtap25@gmail.com,Dhruv Suhas Jagtap,8600127463,Male,11/27/2003,Schedule Caste (SC),https://drive.google.com/open?id=14Kz2Rm3M9CxD0PB78qXMy13Puo_GQfJ3,https://drive.google.com/open?id=1cOftZUZ9zxCQOhgviJBYQjkAjzSDHPSy,https://drive.google.com/open?id=1VD36fI86X3bRo8ecxoOF2GLewyf6h3uG,https://drive.google.com/open?id=1PZF8GZAzOPfm-XdQOPaPGJwFj7jxWDCW,https://drive.google.com/open?id=1uUWAVnw_clhGwyPZVg0Zas9BKynH8Pd5,Payment has been made through GPAY,Diploma in Mechatronics and Robotics,,,
6/20/2025 15:17:59,nidhispol@gmail.com,PRATIK NITIN POL ,9769759228,Male,5/15/2008,Schedule Caste (SC),https://drive.google.com/open?id=1BMq6NpFYVTyvqqB467fs64kqKVsiFzgI,https://drive.google.com/open?id=1HN5juldGXM0MupiOX8hL_DXB_AtIrbSZ,https://drive.google.com/open?id=1KnDuKCW0if8AoASwjJZSsZJ3t9LKQaF4,https://drive.google.com/open?id=1k486tLcVsng0BZj922OGQZHONb8AIPav,https://drive.google.com/open?id=10Qbk9sIw0BifbIs_EzS2byenuI8Hnohy,,Diploma in Tool & Die Making,,,
6/20/2025 14:58:38,ramdhanjaiswal5@gmail.com,SATYAM KUMAR JAISWAR ,7348337411,Male,3/30/2008,Schedule Caste (SC),https://drive.google.com/open?id=1DLIzccjFVWft9_XayR5NSFH1HRkMmigy,https://drive.google.com/open?id=1lXzaYcyE0bIHeujXWPlinAW8uXKhi59g,https://drive.google.com/open?id=1SEKJxQhTEWwcdndYuX8QQScJUFoRsHXf,https://drive.google.com/open?id=1JnyRpA_n1kaxsiv84wGXt8vVJajs6O9M,https://drive.google.com/open?id=1GxuJFPlMg6eCQKXEeUCTwuUgx0ywIyUS,,Diploma in Tool & Die Making,,,
6/20/2025 14:55:28,amarvarma259@gmail.com,Amar varma ,9702340661,Male,9/26/2008,Other Backward Classes (OBC),,https://drive.google.com/open?id=1t6aElffhY0cJlgJ7zz0HC4aQp3jFavr0,https://drive.google.com/open?id=1Jl7ApBZizP8mZg1yolXh5UwKzoGicXwr,https://drive.google.com/open?id=1ZWtOaWuwVNjjsrbPnECGXjL3EXM-o4qv,https://drive.google.com/open?id=1zT2TWmjEYJvHPuD_shGheJlknIXNu6Ov,,Diploma in Tool & Die Making,,,
6/20/2025 14:48:04,amarvarma259@gmail.com,Amar varma ,9702340661,Male,9/26/2008,Other Backward Classes (OBC),,https://drive.google.com/open?id=1P8HdjeRQA6J6Upb1nFb-vvMNcoAq4UHH,https://drive.google.com/open?id=1VCQumB2L51_NpjzGcuq4jMNG1UX3EYwL,https://drive.google.com/open?id=13ovDUEoM3vx40GZrsu51cjsJ-d7X6H4v,https://drive.google.com/open?id=1Y1lThjJe1RX0OjlrEgBCcoAD-0czrQhr,,Diploma in Tool & Die Making,,,
6/20/2025 14:44:11,amarvarma259@gmail.com,Amar varma ,9702340661,Male,9/26/2008,Other Backward Classes (OBC),,https://drive.google.com/open?id=1BELvJMWXu068V0e5ZWg1vtkSCZeam2UZ,https://drive.google.com/open?id=1F9tDW6VnszHo_G1jVjtRXAKC6ouSa2e8,https://drive.google.com/open?id=1Eb-toqMAkV647hF6Nq0CIA6pLL45cH4_,https://drive.google.com/open?id=1Bm1LR56Ia9BIYGprgFrqfTaVZUZ_1QWY,,Diploma in Tool & Die Making,,,
6/19/2025 20:23:17,cmathaji@gmail.com,SHREYASH MANGESH CHAUDHARI ,8888274180,Male,4/30/2008,Other Backward Classes (OBC),https://drive.google.com/open?id=1HYa4AqWKQpwaYYJDhNKt3W6_s7p4ENXa,https://drive.google.com/open?id=18niHwoeJid8C4bQ3efukHlYIwJll_Xz-,https://drive.google.com/open?id=12FwTE_sRClcTrtXFCeG4hAxLFpddYZQ0,https://drive.google.com/open?id=1Qtz0ijb2vc3wKOkCd97CTPM_R8L4tTrG,https://drive.google.com/open?id=1QTXtlHy6KWuHwnQqY_m4T2zCzGsU6e8c,,Diploma in 3D Animation and Graphics,,,
6/19/2025 11:43:33,karandenikhil94@gmail.com,NIKHIL RAJENDRA KARANDE,7738340465,Male,7/6/2008,General (Open),,https://drive.google.com/open?id=1Srg3ceMRlkndzs8FCuF4eba-VVCOpK4-,https://drive.google.com/open?id=1IytyG8j86S5wpqXSTrQ_tzwbDSXU21Bu,https://drive.google.com/open?id=1RmGr4RXDY9_j608cE566rlxjdhFKUogu,https://drive.google.com/open?id=11SJxj_8d5CotCPJZjDige2GKd9RVJ9-i,,Diploma in 3D Animation and Graphics,,,
6/19/2025 1:23:14,jasar.chowdhary3047@gmail.com,JASAR JAVED CHOWDHARY,9137437565,Male,10/29/2006,General (Open),,https://drive.google.com/open?id=1nNZPpb1ptwWKrvL08qMr3L4dmNtnlT0_,https://drive.google.com/open?id=1Id6lvDmWSCLYAo9mWQYATnkO1MS_0E5M,,https://drive.google.com/open?id=1kBep8bAMqErx1Uf4qEpZMPOG-Dnr1PIm,,Diploma in Mechatronics and Robotics,,,DSY
6/18/2025 20:28:02,pthorat1980@gmail.com,SAIRAJ PRAKASH THORAT ,8433782553,Male,11/23/2007,General (Open),,https://drive.google.com/open?id=1mgM0biN36hFbH8cI9FInsx_oNH2X2-LS,https://drive.google.com/open?id=1--P1RYUJ5gVHPyspbvqw2N5maXsVeOmA,https://drive.google.com/open?id=1u9mZKlE4hviIdTX5Q71iOL2YOfz3Ap5j,https://drive.google.com/open?id=194NKzRrvBr0pXkj87-M4Nj6x1k0jOcLf,,Diploma in Mechatronics and Robotics,,,
6/18/2025 20:20:07,pthorat1980@gmail.com,SAIRAJ PRAKASH THORAT,8433782553,Male,11/23/2007,General (Open),,https://drive.google.com/open?id=1B3A1WNBM2UDtygAJjcVqGkw_Roch9eG1,https://drive.google.com/open?id=1UdBrh8jQpwbGZ1RWLa2DrGXRO2UZWuwJ,https://drive.google.com/open?id=12Aac2bTeailA_oMRgOLxTP00jCQKke4W,https://drive.google.com/open?id=1UG4Lm_BLlAJU9iMGqt6_dp4sBmHcAPJV,,Diploma in Mechatronics and Robotics,,,
6/18/2025 20:13:50,snehasawant139@gmail.com,SNEHA VINOD SAWANT ,9594930322,Female,8/2/2007,General (Open),,https://drive.google.com/open?id=1D__mhfScRKUpDkjJCPN8oYkZdCD5LtLC,https://drive.google.com/open?id=1VZ9p82GHpQTqiEH0aqIco6eUv6CS7_Hl,https://drive.google.com/open?id=12DODLfCLnMaNt8vB-B6YeQfKIO_1-syj,https://drive.google.com/open?id=1Hfa_owulF6Sg41hN3kV8uQ7TUdwTxrqI,,Diploma in 3D Animation and Graphics,,,
6/18/2025 20:12:50,sairajthorat186@gmail.com,SAIRAJ PRAKASH THORAT,8433782553,Male,11/23/2007,General (Open),,https://drive.google.com/open?id=1T-2QkOqnb6qKuwnXK1hJ3e_lna3WlFwJ,https://drive.google.com/open?id=1I4xwk2V6BxSE6gu2y7AHo66YgTjxknYY,https://drive.google.com/open?id=1JEMmURieSONyM2VUQQOIigQeHW_uYBVu,https://drive.google.com/open?id=1WSgiWL44Z2opztVZRFJxJgDU4q2_9L1Q,,Diploma in Mechatronics and Robotics,,,
6/18/2025 20:07:27,snehasawant139@gmail.com,SNEHA VINOD SAWANT ,9594930322,Female,8/2/2007,Schedule Caste (SC),https://drive.google.com/open?id=1Z1Sg81H8m4IDQ_Gsq2Zz9UmMoTjgErd7,https://drive.google.com/open?id=1-munPDMTPJTUITiGrq2NIOfrFqOb0l12,https://drive.google.com/open?id=1uhKm4_arnoXcSxBXB_COeBlEcth0HtGy,https://drive.google.com/open?id=1FeytSVxxhpPMIZgO-nmIIRF4BQVsPTaR,https://drive.google.com/open?id=1T-646_PicGVJBFYwmCkYtrKrBHD3oFj5,,Diploma in 3D Animation and Graphics,,,
6/18/2025 13:56:15,thoratr25@gmail.com,ADWAIT RAVINDRA THORAT,9819873060,Male,3/26/2008,General (Open),,https://drive.google.com/open?id=186llmBmIJ9tYctqZkB3spRjg-BWxQ_Yv,https://drive.google.com/open?id=1Ub0T3SmVIcu_dBv0ur7NfUmpLBOodf5i,https://drive.google.com/open?id=1YghVyIJq2z6yWGyGzx73RBrEotrRXiux,https://drive.google.com/open?id=1lESz2XWAEPX46QFfiGkXyhK9TeUNRYAC,Paid,Diploma in 3D Animation and Graphics,,,
6/18/2025 13:47:09,wanivadekarshreyas580@gmail.com,SHREYAS SHASHIKANT WANIVADEKAR ,7588848318,Male,12/15/2006,Other Backward Classes (OBC),https://drive.google.com/open?id=1Llh6ISEwpQMV4ncs1i7EGTTrcFRiEFmV,https://drive.google.com/open?id=1qvE9wWg1zWsuAPSPoWFp8ieuj5mSqV8l,https://drive.google.com/open?id=17Pd1v0iW6LIzCVBv56H809UGb6y-Qd9Z,https://drive.google.com/open?id=1BV3kYUAY6GK_pDKgc8zZ5oQyvGKoLaPV,https://drive.google.com/open?id=1mF96sH3dl8t-SrSfV5y11qgnRqtx85JA,Payment done by MAKARAND BABURAO SAKRU,Diploma in 3D Animation and Graphics,,,
6/17/2025 17:01:53,dmali3119@gmail.com,Durgesh Devidas Mali,9136561712,Male,8/22/2005,Other Backward Classes (OBC),https://drive.google.com/open?id=1m2pFm_DniuqJ4eVIfsl1mMS1TRPzCXBi,https://drive.google.com/open?id=1a-wxMazIATszOvWtL7xmjqKirmS0DlC4,https://drive.google.com/open?id=1-gLLbI5DsJIBFAW_TYmNZ9DFv_wUKVcD,https://drive.google.com/open?id=1dawumNKem02s53G9eLyaWULXgU_QQ9Vx,https://drive.google.com/open?id=1tKJGMMD5JHtP2y1gXv8rp-who5xJXiBt,,Diploma in Mechatronics and Robotics,,,
6/17/2025 16:46:04,salonijamsutkar@gmail.com,SALONI SAGAR JAMSUTKAR ,8591130114,Female,1/3/2007,General (Open),,https://drive.google.com/open?id=18-lbNZJ_TVuuhPL58wM9E3V5BtM0XYNL,https://drive.google.com/open?id=1YC4MG0rzOvupzmPvyj6S3OQIV4eKtYsP,https://drive.google.com/open?id=15cplWfyue36tQN7kEXEg_pnqzPmTFMCu,https://drive.google.com/open?id=1A3y83PIm1Xp4FIUGLgYWPEPuvcCU87qD,Paid ,Diploma in 3D Animation and Graphics,,,
6/17/2025 16:36:10,salonijamsutkar@gmail.com,SALONI SAGAR JAMSUTKAR ,8591130114,Female,1/3/2007,General (Open),,https://drive.google.com/open?id=1iPRyZDr3yUvOqfpW6jvvBrEtxXE14iHf,https://drive.google.com/open?id=1Ok3AqQ2Jobewk2DR2SNabQ127pNWcYDo,https://drive.google.com/open?id=1EZtxiJabjIiYoJZOgenF2eOLUwLNy0vv,https://drive.google.com/open?id=1JoLWbV1nfuYIYK-d3SGcDqdMHGsPFpZp,,Diploma in 3D Animation and Graphics,,,
6/16/2025 22:41:23,kirannangare442@gmail.com,VISHAL PRAKASH NANGARE,7769912143,Male,10/22/2009,Schedule Caste (SC),https://drive.google.com/open?id=1KljigzAlvz_R07G-iaU0bZdsGtfY8w4A,https://drive.google.com/open?id=19Vz6yANmicMcQXhS6dahtNThjKcO85Iw,https://drive.google.com/open?id=19VLWZJl3xrqZigl1DEoZ_6xqs8GuaFgq,https://drive.google.com/open?id=1pHVKMLkG1QR78MJpLb6iollclkWeNXq-,https://drive.google.com/open?id=1LtWJffjx7MNN1lgJhu_THaANWdywxmYD,Payment Done ,Diploma in Mechatronics and Robotics,,,
6/16/2025 20:00:09,kadamneha364@gmail.com,NEHA ABHINANDAN KADAM,9322650381,Female,4/7/2007,Schedule Caste (SC),https://drive.google.com/open?id=1eZwZC7nuok9rBNVnNNE2dU9p_o_ZiCee,https://drive.google.com/open?id=1_DAUYLcyMEvEGw3_1pMPr5f2PQISVdK0,https://drive.google.com/open?id=1zARNKbgn-EL5lb-EU80vjywNGOsNhkLy,https://drive.google.com/open?id=1lFhV_X1xerXSRru6e5D0kR-0DE6yHOSN,https://drive.google.com/open?id=1VrUUoPgRE4sKMIP4B1K8zFDo3hkPo9Qm,,Diploma in 3D Animation and Graphics,,,
6/16/2025 16:15:26,designbykamble@gmail.com,Jay siddharth pagare,+91 90764 80529,Male,4/5/2009,Schedule Caste (SC),https://drive.google.com/open?id=10i805inyGUVd_K12DEyUupDTV5k1_kzu,https://drive.google.com/open?id=1bJWuenKh48enOnQEPCVeRvc0E3EYxHZc,https://drive.google.com/open?id=1ZSiem_9wpjzvM13rhFvInKWOoOjWOVS_,https://drive.google.com/open?id=1wlgqFRgIgsP98DjwJWSTNyeHFwZVFDdE,https://drive.google.com/open?id=1dNcbxGL-Gh00W7VVqCv7xqfXBilBzUDB,,Diploma in 3D Animation and Graphics,,,
6/16/2025 15:29:21,jasdasher@gmail.com,JAS DEVANG ASHER,9326849190,Male,1/12/2005,General (Open),,https://drive.google.com/open?id=1sReu2NFEUHYvK4SPIZ9KaywbI4hkVET6,https://drive.google.com/open?id=1rXDSREREge7YBljGywc2PKynkax9tlHN,https://drive.google.com/open?id=1uUDQ7Yx3T9B5m7znvQSG5DYpOmRQ0pFv,https://drive.google.com/open?id=1GhecrBUzf9t-EhXdpE9RS7xFGixuJu03,,Diploma in Tool & Die Making,,,
6/16/2025 14:11:27,hamidabanoshaikh57@gmail.com,SHAIKH MOHAMMED SAEED,9967780621,Male,12/24/2007,General (Open),,https://drive.google.com/open?id=1hd1cqCQgO--kNS4aZJlREj2rigGR4rWo,https://drive.google.com/open?id=1SpxmEl_2MoKFJuyxLWXoFmZ5cpbEwChu,https://drive.google.com/open?id=1yBIff1RIske-GiWyEJ971ZpZylaJ9xQB,https://drive.google.com/open?id=1OR0AAZmLiyHcdPQNiHFB7VR9rNiSZ233,,Diploma in Mechatronics and Robotics,,,
6/16/2025 13:13:28,hamidabanoshaikh57@gmail.com,SHAIKH MOHAMMED SAEED,9967780621,Male,12/24/2007,General (Open),,https://drive.google.com/open?id=14Xh_lcx9tj0izT8Eo0Szhs0-doUl1BO4,https://drive.google.com/open?id=1u7QTnhThfKYF1daxeKdX6cSpZ4huN-FL,https://drive.google.com/open?id=18kWqcqlhyxUNpuIYNEB2MDkzDsPngjxZ,https://drive.google.com/open?id=1n9IptEzC9WK90ANceTyk9Z2J0fIxPIIe,,Diploma in 3D Animation and Graphics,,,
6/16/2025 11:47:10,omkaringale182@gmail.com,INGALE OMKAR SHARAD,8652613743,Male,10/8/2009,Other Backward Classes (OBC),https://drive.google.com/open?id=1A4jsMEljYXQ7QvSwkpDrWlX3AqPhESpV,https://drive.google.com/open?id=19VriGvGNjTXLLqylAJw_5wkQOmnZl8QL,https://drive.google.com/open?id=1OfHS_AIBLcInJf8beCiW7rJvOpN-bB4z,https://drive.google.com/open?id=135fsnRwCs7M1bw_GCQAXAvO1c-EQbW4f,https://drive.google.com/open?id=17r9rR5RUK6coeVqHGTDRxr6xC4SzcWel,,Diploma in Mechatronics and Robotics,,,
6/15/2025 22:26:54,poojaramane103@gmail.com,PRAJAKTA JANARDAN RAMANE,9702939320,Female,10/6/2006,Other Backward Classes (OBC),https://drive.google.com/open?id=1ZQ_Gn5QiOzcNMRgbwvpw1II0gGhlwje2,https://drive.google.com/open?id=1tPSSDuHh7oO6jnEkhummzKzUoHsLNmVG,https://drive.google.com/open?id=1ac1W5SUFkR7iM2Ui57rQTzCE_ccagncc,https://drive.google.com/open?id=1tk3noG_HBA6YjhTa01UWe1-NZRYKiGdw,https://drive.google.com/open?id=1fcEpiqJMA_AaX0-fwUOJZ5ggXDETEvds,,Diploma in 3D Animation and Graphics,,,
6/14/2025 22:32:24,kunkuleraj@gmail.com,RAJ RAMESH KUNKULE ,9167432410,Male,8/29/2007,General (Open),,https://drive.google.com/open?id=1DhF2lPSvLLKVyX-UDmIqZAnk2KbSIOO4,https://drive.google.com/open?id=17q9AiqH5y2lLJ12FGVthSlXD4s04JnR6,https://drive.google.com/open?id=11faBhDX1fLylQAKAn7UmjbQGFrEsS1mk,https://drive.google.com/open?id=11NZ29qkJWXU0lU4ZDWkMsjoJ8t29nwZm,,Diploma in Tool & Die Making,,,
6/14/2025 15:41:51,parasdhotre087@gmail.com,PARAS KIRAN DHOTRE,7738296952,Male,11/10/2005,Schedule Caste (SC),https://drive.google.com/open?id=1PwMuuaEEeg3jBIpD3p8szGKeRpol29ik,https://drive.google.com/open?id=1XxfRjlFzUGRNpz6o9QTE1tUTTXBoBEr1,https://drive.google.com/open?id=12q8SpZsIJ6k5jV26Amm64Vxczxcp0SW6,https://drive.google.com/open?id=1MlSS-TJHBS2-cXwevYvIElc54WLXq6Ny,https://drive.google.com/open?id=1WwUAukarSjXPKt2Xp-uaeAe10bIvjc9j,,Diploma in Mechatronics and Robotics,,,
6/14/2025 15:37:44,meplcityzone@gmail.com,ARYESH NAGESH PAWAR,9763810038,Male,4/1/2010,Schedule Caste (SC),https://drive.google.com/open?id=1SaeCuV_P4s976G6BwRwD0JNhPBRY8Z4j,https://drive.google.com/open?id=1PswrE-voyJqb0vyWnrLIJerqyYx1GS4W,https://drive.google.com/open?id=1oJQoby_GDGgfhEujeitVoxtIJsor1W3C,https://drive.google.com/open?id=1ECQDvANwbPSDzZto6ABozEfgnULhNiOR,https://drive.google.com/open?id=1XehUDdf6HurRMqXzANBucC9oss5n96hv,,Diploma in 3D Animation and Graphics,,,
6/14/2025 12:03:41,inet0316@gmail.com,MEHER HARSHIT DHANESH,9272758087,Male,12/5/2009,Other Backward Classes (OBC),https://drive.google.com/open?id=1j_xYgQAcivKeBSOHyOoiJsQPmADuLg1-,https://drive.google.com/open?id=1R8LBPLjinzoF5JNP_29FkZE5rxZjAEBR,https://drive.google.com/open?id=1nzVROvVS09A7yyVD1KFjc_YZsu_BgP24,https://drive.google.com/open?id=1gloLzGaRlH1FXN-1pVtqh-dha5J_Bkzl,https://drive.google.com/open?id=18_4OuVb269aUDSnVcLVpW_fi8EwLG4gb,,Diploma in Mechatronics and Robotics,,,
6/13/2025 20:59:10,deepakmishra123dm006665@gmail.com,Deepak Sanjeet Mishra,7208200751,Male,6/24/2005,General (Open),,https://drive.google.com/open?id=1wxm7NCj7PQI2nTkWZ6MS9_-AYqmzaS6u,https://drive.google.com/open?id=1hiN0awIeNWqEBrmnFSDlhBo_7x_6jvK9,https://drive.google.com/open?id=1mHQFj9S5odrpsmJ8_ynGC0nDL8e1yMBK,https://drive.google.com/open?id=1diZKvy8IR0_qafJW3GJlxfUO_Wxn0ViO,done,Diploma in Tool & Die Making,,,
6/13/2025 13:51:11,sanju.bandkar@gmail.com,HIMANSHU YASHWANT BORSUTKAR ,8652322022,Male,5/19/2010,Other Backward Classes (OBC),https://drive.google.com/open?id=13fYHsbp6peOYHlPuGqzl31Vv8zbSlvQf,https://drive.google.com/open?id=1IWjkl9fo3yJse3wgKr96vngVCQEkpTJb,https://drive.google.com/open?id=19y2CpPaGsX61EZ91EFpTdjYJL1ZkWLTo,https://drive.google.com/open?id=1lkSbRaLXf-8pqVu-h9EXQ0elHsva1FOa,https://drive.google.com/open?id=1vDWBUIaHtk08_dSH2y3jXRHi-K4c0Wuw,,Diploma in 3D Animation and Graphics,,,
6/13/2025 10:20:01,antaramj2007@gmail.com,ANTARA MILIND JALGAONKAR ,8693045275,Female,6/28/2007,Schedule Caste (SC),https://drive.google.com/open?id=1vyP1aHPhn3y3xK07TqvZAxt5PYzdzzq4,https://drive.google.com/open?id=1KKU4yOB6-MszhRcoWfr1K7NHocqRwluI,https://drive.google.com/open?id=1inn9UvUb4ENdoDZy-tNxP_MkbgOU2oDQ,https://drive.google.com/open?id=115OyW6gsp7PFu3ggjv5foJCRqS2PVYby,https://drive.google.com/open?id=1fNUbxzvwymGG1gmkMFCdwHk9I752UQxt,,Diploma in 3D Animation and Graphics,,,
6/12/2025 21:05:59,kalpeshaganeshgolambadeg@gmail.com,Kalpesha Ganesh Golambade ,8799814039,Female,6/6/2004,Other Backward Classes (OBC),https://drive.google.com/open?id=1lSJJQBFQACc1yx7egp4BUohou211R9aY,https://drive.google.com/open?id=121wffD55OnlGY2eiRWBU7oTZXs-F-ATH,https://drive.google.com/open?id=1sAZj3_NxjqTpIM-Yy1AtstKf4klCd76A,https://drive.google.com/open?id=1ciT7cOcvWwBAOrEsJPpUarmkL18BX9aT,https://drive.google.com/open?id=1qjyHpopqX701f_UBmCREP05ZRjxFPHim,,Diploma in 3D Animation and Graphics,,,
6/12/2025 17:59:39,kshirwale41@gmail.com,SOHAM GAUTAM SHIRWALE,9372840657,Male,4/25/2006,Schedule Caste (SC),https://drive.google.com/open?id=1_-WOM8rvS5qy3qeX7rAPR0MnAyaJMxh4,https://drive.google.com/open?id=1MvT_b1ILKjmbSc6KhtA0-XLhxAPfmoLh,https://drive.google.com/open?id=1E_T3ZhcRDFXb1P5OsfSqoqBW-mDbJzp5,https://drive.google.com/open?id=12FMZZumM8P5qlx7Gnbs46B1-zoNPVsIs,https://drive.google.com/open?id=1ULLteWuhX6GnmBX2znDn81LF9g1Mizb3,,Diploma in Mechatronics and Robotics,,,
6/12/2025 16:32:13,rohitmaurya49g@gmail.com,ROHIT SANCHITRAM MAURYA ,7208176036,Male,2/17/2006,General (Open),,https://drive.google.com/open?id=1Z33fx_fIgwXf7H97-Y23buE4V50g902n,https://drive.google.com/open?id=1aXinXkhdPzxvAIgH5sBRnBYw2yuPxu9h,,https://drive.google.com/open?id=1vZJ6JttIlfG_wbxrZo6TH62hzLA5yrdZ,,Diploma in Tool & Die Making,,,
6/12/2025 16:20:52,rmajigud@gmail.com,Rajendra Majigud (dummy reg.) ,9892112326,Male,7/27/1967,General (Open),,https://drive.google.com/open?id=1lrdIHBFk-QGOmVD4zZrC_7Uve6wp-XH3,https://drive.google.com/open?id=1pqcO4V0Ib2TxufoskBzrqcMY2y3fXULa,,https://drive.google.com/open?id=1DrQiV9eHCt8rQXTgZ6FBM0lIRAvenH_I,Not paid,Diploma in Tool & Die Making,,,
6/12/2025 14:46:11,mugdhasr3013@gmail.com,ATHARVA SHANKAR SALUNKHE,8355909332,Male,8/22/2009,Other Backward Classes (OBC),https://drive.google.com/open?id=1UL2qBCdaEA0q7T5TE2-Azw6-Un-V-4vs,https://drive.google.com/open?id=1fyPzqleA961-Tm4USbeEB6oo1PtGbGud,https://drive.google.com/open?id=1XXjShTGHV3qFpg1vD8FLmfFPLlLbYqwz,https://drive.google.com/open?id=1-GBmgcVhhWRgdMvaIvhdps8i_XrXPBal,https://drive.google.com/open?id=17iVRop0zEWJYiE5EJDTBUOx3LaFE1BIs,,Diploma in 3D Animation and Graphics,,,
6/12/2025 13:18:16,sanskrutighanwat.25@gmail.com,SANSKRUTI SANTOSH GHANWAT ,9167575858,Female,3/25/2009,Other Backward Classes (OBC),https://drive.google.com/open?id=1RyVOZv4-pxoBiLVXxc2QO8iQP7y9kv9t,https://drive.google.com/open?id=190U_EzXMwfXj8qfEAIDpZHQAy-3VE1l7,https://drive.google.com/open?id=1JbP8xloG_uuBqeZnMhdPAnxeICwILZXd,https://drive.google.com/open?id=18tP2yeFAhcU7fwgC_bcrDS7sSoEp21xG,https://drive.google.com/open?id=1z2757ChImMGx5bQUc-m_LHBlC3J9klW9,,Diploma in 3D Animation and Graphics,,,
6/12/2025 10:16:33,meplcityzone@gmail.com,ARYESH NAGESH PAWAR,9763810038,Male,4/1/2010,Schedule Caste (SC),https://drive.google.com/open?id=1ZZERUo_Cj35qRzuswt9wBwc-c7VJjEWC,https://drive.google.com/open?id=1ZrK_zbw2A_1hSqbwAPYPwTXpdS_YSvdR,https://drive.google.com/open?id=1t9UQQF1f1tonopHgPFBdbaaAougrpO7s,https://drive.google.com/open?id=1zy3d513o60Xfx5ve-ECkyYd2vaGwp2rv,https://drive.google.com/open?id=1KCIufDtCmlatvKZzQlAIAKiiTtyO8E4M,,Diploma in Mechatronics and Robotics,,,
6/11/2025 22:36:38,minakshiballal423@gmail.com,SARTHAK MANGESH BALLAL,9850996219,Male,12/5/2007,,https://drive.google.com/open?id=1Zmfn8Feo5rwDintG1BNyS-_XfQlXY0pw,https://drive.google.com/open?id=1DvlZToesbSaXMAbIteRT2hpB5JG7b6OZ,https://drive.google.com/open?id=19JPY1_PDOHgj6t6zlBGtqNAGF9SOmmWY,https://drive.google.com/open?id=1GMAzPVGf3UxbkDptrNLYkTAJHQ4VI2WD,https://drive.google.com/open?id=1sKrZwliMuPS6WD-4jSYOlDR8v7FPGleD,,Diploma in 3D Animation and Graphics,,,
6/11/2025 22:29:48,tanishmhavarkar23@gmail.com,TANISH VINOD MHAVARKAR,9702596623,Male,7/23/2007,Schedule Caste (SC),https://drive.google.com/open?id=19o1cce27-twKdCyS4LofxCbSSKJQUORV,https://drive.google.com/open?id=1N7dvIeqQpOTbBQzUlE1cloOLiU7JsD-K,https://drive.google.com/open?id=1-NuHCqWmCX5CX8T1KOnkePqVzcc0hcYC,https://drive.google.com/open?id=1k29GVoHncgWKQ5bn3vL4H8UIJ_A17OC2,https://drive.google.com/open?id=15He9IGXQUl91c1xZ_DUpoKeLHbk0bNrd,,Diploma in 3D Animation and Graphics,,,
6/11/2025 20:37:54,vaibhavnikalje077@gmail.com,VAIBHAV ARJUN NIKLAJE ,7977539966,Male,7/22/2006,Schedule Caste (SC),https://drive.google.com/open?id=1Qym1zINwfrxWeh8Qd4RCiNavzW8DqL_g,https://drive.google.com/open?id=1_FhSuC1DZfMFjlJi1Bjr5cdE1hjjrCwH,https://drive.google.com/open?id=1kojm8X43j9Tz5-oLQKmpFCmifxCC7o4Z,https://drive.google.com/open?id=1g-B9uIVtTf2AiXbrR2ZRf1yqBGLk_3vE,https://drive.google.com/open?id=1el_lcF7e7hxAHlc_GhYW9e3i65gFzFZ6,,Diploma in 3D Animation and Graphics,,,
6/11/2025 12:30:24,gauravkambli90@gmail.com,Shravan Mangesh kambli,7039135035,Male,8/17/2009,General (Open),,https://drive.google.com/open?id=1URNPQgV5La2rKvkBFZJEO5e4TQOgJ94j,https://drive.google.com/open?id=1mUSOomWl-civbwRUjXbYGF4GJnakum4a,https://drive.google.com/open?id=1YiJURco3nvTihiVRYleC711pz_-J973P,https://drive.google.com/open?id=1gzr_jv5Zd7O5oypxqcPt-Vic4QWKnH_Z,,Diploma in Mechatronics and Robotics,,,
6/11/2025 11:57:12,shravantambe6565@gmail.com,SHRAVAN ,8097663197,Male,6/5/2008,Schedule Caste (SC),https://drive.google.com/open?id=1fPqGRTCyD-9qLoeQGjnks7Xn0HVFAJFA,https://drive.google.com/open?id=1gMBkgKskaa7UhBgw5VhiaU1bG7F7XAvx,https://drive.google.com/open?id=1sR7QBJGooBG0fcgidkK2EF9bXvl0Iy0V,https://drive.google.com/open?id=1y_oJdHFLrYdC4UlCJ8CrrNrJ4UN5cGZ1,https://drive.google.com/open?id=19qzXLyNKrG7msJCYsJ8aA_h58XDt7RZn,Payment done ,Diploma in 3D Animation and Graphics,,,
6/10/2025 14:52:23,kamblesurekha635@gmail.com,PRANAY RAHUL KAMBLE,8369947680,Male,5/9/2007,Schedule Caste (SC),https://drive.google.com/open?id=19369j8Dqo5hQMNucHMZXxA8EPTD9fvGL,https://drive.google.com/open?id=18XJohzzefu_H81r5Q54kisU98sCTlc7W,https://drive.google.com/open?id=1X7X1viInD0n3M2t9BwQM2P2a2Qynk5-X,https://drive.google.com/open?id=1KgX6i71f-FkdKFOZu8LphIQ-sB4GaM59,https://drive.google.com/open?id=12Hl6iCEEQtYWwH1uGmsYNUeeapqSEJTQ,,Diploma in 3D Animation and Graphics,,,
6/10/2025 14:45:30,kamblepratesh4@gmail.com,PRATESH RAHUL KAMBLE , 91378 90642,Male,6/10/2008,Schedule Caste (SC),https://drive.google.com/open?id=18qHEG78gumiDtHCBGxWimmdKBlUjr2UX,https://drive.google.com/open?id=1_bRS3qcoPIns5AZs8jxML3RpX4XEBnV_,https://drive.google.com/open?id=1z6VsIaP-ZQldwLBqqbXUYT3QrKbmcLti,https://drive.google.com/open?id=11teGsY58bYAuK_ZXBvVOQ6yd2D636fWN,https://drive.google.com/open?id=1YzLEaSCwoi5AZssej2ZAgcPvPmPxT1D9,,Diploma in 3D Animation and Graphics,,,
6/10/2025 14:19:21,nehark002@gmail.com,NEHA  RAHUL  KAMBLE,7715057798,Female,8/16/2005,Schedule Caste (SC),https://drive.google.com/open?id=1GkyfFVwEaLwFsXDWoVDcKA2pU-IFvcxz,https://drive.google.com/open?id=1eon6ogRPvOFz9w9Njyce5KoZQkQcVsKi,https://drive.google.com/open?id=1tyjQ8YCIHTddaa4kGWrADJdYBuVzh4Iu,https://drive.google.com/open?id=1PImmFxaXKHdxypmUJCvll5Xbkj6f-idX,https://drive.google.com/open?id=1VQs1VSn5HrUd878mv_1TrW0i1rLuOgZE,,Diploma in 3D Animation and Graphics,,,
6/10/2025 13:33:22,gauravkambli90@gmail.com,SWAYAM ANANT KAMBLI,9324652617,Male,4/1/2006,General (Open),,https://drive.google.com/open?id=1iP0X5O5nnbqCT6QGPV9jJL78eoVBjoyN,https://drive.google.com/open?id=1pEAlv3w4Dgb7AfSskHJzSQorM0PQdTA6,https://drive.google.com/open?id=1lfxc202cjlGmb9l-ne2uvhDthCU5214k,https://drive.google.com/open?id=1HYnoUI8_55zBUM_CENNM7etltUJ0WRyV,,Diploma in Mechatronics and Robotics,,,
6/10/2025 12:43:52,laxmanbobade189@gmail.com,Laxman Gajanan Bobade,8779979279,Male,2/16/1970,Schedule Caste (SC),https://drive.google.com/open?id=1ZhGNCnxGLw6myKfR7UaesIEKvuOSdAbs,https://drive.google.com/open?id=1NM1tKsC6094rPQOR4a8vWea3kbfjHGmD,https://drive.google.com/open?id=1WrPzObgKG7vpcvBNwCw4o79JjWU3suA9,https://drive.google.com/open?id=1OYGu_lZvQL87u5cTSScw6N95c2RcJgs4,https://drive.google.com/open?id=19MviVSU2E3Qhj9vj7PgpZZsgW5aK7nQV,,Diploma in Mechatronics and Robotics,,,
6/10/2025 10:17:55,vishalkush9610@gmail.com,VISHAL KUSHWAHA ,8108066825,Male,11/5/2005,General (Open),,https://drive.google.com/open?id=1w8BkmEMwlgDLMqrGIpZ9y204Lz3Cme41,https://drive.google.com/open?id=1A4AqROAKvX6xkkgc-5jONSWYfnsqM0xg,https://drive.google.com/open?id=1E9kRHoeM6cG0Gw376ORwVIp4HufRQ1-D,https://drive.google.com/open?id=1juFkGnEdQaTvN3q2PBw6HTQMJFV5DKc3,Already paid,Diploma in Tool & Die Making,,,
6/9/2025 22:20:45,vishallalge7249@gmail.com,Rohan Rohidas Khose,7249360798,Male,12/1/2007,General (Open),,https://drive.google.com/open?id=1DtzuiEaS6i8cSzwBM1cF9-zJEFZZzfnM,https://drive.google.com/open?id=10GxcyBRWOI93-s3nAHsjlY53f9JTI4xr,https://drive.google.com/open?id=1nXKrjK6oxuhs_KQYqISCBgM2Sg7DYslH,https://drive.google.com/open?id=1JkUrz_ZN78y3LnH1HhsTJCQOBoO-ZWaI,done with payment,Diploma in 3D Animation and Graphics,,,
6/9/2025 16:32:15,vanjariyash29@gmail.com,YASH NITIN VANJARI,9594199578,Male,8/23/2008,General (Open),,https://drive.google.com/open?id=1CqKb_MiOpaInxrZxitPEy77FrcT-K7YZ,https://drive.google.com/open?id=1995GFtmK-FEqx3nSp0tkBrTlsvvz4t2R,https://drive.google.com/open?id=1uzoJpQBCRLoENley4Ft3zU4IHRJ7fWfP,https://drive.google.com/open?id=1GqToGvIdlDZGamsDkKe7Hr_odpmh2RX4,Paid,Diploma in 3D Animation and Graphics,,,
6/9/2025 16:27:19,vanjariyash29@gmail.com,YASH NITIN VANJARI,9594199578,Male,8/23/2008,Schedule Caste (SC),https://drive.google.com/open?id=1tePeL8uvvtggXZJoPA5o7Rb4KlQz2VzD,https://drive.google.com/open?id=1wJcOJhd1GN8vkHF5_LMW84s2Qa-9-Wv7,https://drive.google.com/open?id=1q9L0UekroG-iPFXAVkSElaBC7rU-n1jL,https://drive.google.com/open?id=1QRwFIhm6THuBy6yA1euzahjLMmhAgwu5,https://drive.google.com/open?id=1MzFW7qLn_y62loLAHVwvT37zUG8DE-xt,Paid,Diploma in 3D Animation and Graphics,,,
6/9/2025 14:09:44,mhaskaraarya1@gmail.com,NITTYAM VIJAY MHASKAR,8591061523,Male,12/27/2007,General (Open),,https://drive.google.com/open?id=1YciH7nlitt9Zp0vkvi3bNa7Ky3pFUKXl,https://drive.google.com/open?id=1ojrc-_B6I49W42ANbD0-MDTr5T5c9Qhr,https://drive.google.com/open?id=1LaT2u6blFY4MBbykIaiG3-IGIUxmm0OE,https://drive.google.com/open?id=1OFhR4CqCFyHqFwfDAUrTB4WbtbfzSC9Y,,Diploma in 3D Animation and Graphics,,,
6/9/2025 13:23:58,kulkarnisarthak57@gmail.com,Sarthak prabhakar Kulkarni ,9860846755,Male,3/11/2006,General (Open),,https://drive.google.com/open?id=1XNer4egZzDUdgkdrSO9JaP831W9cP0yW,https://drive.google.com/open?id=12XD7Bpxit8ZpnUSV35kERgryewbgFBz1,https://drive.google.com/open?id=1qDnD8mX1j9lSqQRInF9My7g01SyiBAeZ,https://drive.google.com/open?id=1yMiqvsGT97JYTq2RySvqReRK80lAo1mX,,Diploma in Tool & Die Making,,,
6/9/2025 10:50:03,pradneshrasam1@gmail.com,Pradnesh Satyavan Rasam,8689846759,Male,8/1/2006,General (Open),,https://drive.google.com/open?id=16M9bKPzKhqaophAXtFiW_2-MwY_cEcb2,https://drive.google.com/open?id=1fXdkk3UNrNcsEsXflE--1j2G0254rVbY,,https://drive.google.com/open?id=1LjQbXwrpzyrpjp_2PNC430txJmo9xJxE,,Diploma in 3D Animation and Graphics,,,
6/8/2025 22:52:17,chavanchetan571@gmail.com,CHETAN CHAVAN ,8104264968,Male,12/17/1999,General (Open),,https://drive.google.com/open?id=1ZVK0v-zPFofkiFsNwEehdxt5iKC4tXay,https://drive.google.com/open?id=1KwCxXmMGTpjJWGltjAj-hQN0Et9D16ur,,https://drive.google.com/open?id=13486Lpzs53r1MME5Ab4LpyAt9nsMJqQ9,Paid at the collage,Diploma in Mechatronics and Robotics,,,
6/7/2025 13:54:34,shravanjpawar@gmail.com,Aryan Shravan Pawar,9820507030,Male,8/24/2009,General (Open),,https://drive.google.com/open?id=1xTHHIqzjLTr5p-a_-DzVs2uIyz1vo5Xi,https://drive.google.com/open?id=1_SyQgg0B6J_YWXn6sZoEHDdXwpwuTWxv,https://drive.google.com/open?id=19PAbEYSwP-x0IIusA9alVD9JcP9qxviM,https://drive.google.com/open?id=18mLZYteAcB5SAtq6auDHY3VctcmBhGVX,,Diploma in Mechatronics and Robotics,,,
6/6/2025 16:25:25,baoolyadni@gmail.com,HARNISHA NILESH RAUT,7715937252,Female,11/9/2009,General (Open),,https://drive.google.com/open?id=1jeEGcD1PQM_GMbC5uiNqj5ATqXs8YdbS,https://drive.google.com/open?id=1SEBcXwTwvTHeYUrpjxhk9ZKxzK_OhsZ5,https://drive.google.com/open?id=1N1Ck-I0qhL3_TjqPC_uAuK3Dgaaz--PY,https://drive.google.com/open?id=1Kre-jD77rl6UNJvJmsD0nO6hvhIOATdX,done,Diploma in Mechatronics and Robotics,,,
6/6/2025 16:15:45,adarshkarkera1751@gmail.com,VRUTTIKA KISHOR PUJARI,8080741245,Female,3/6/2006,General (Open),,https://drive.google.com/open?id=1Hh1AlaHIiJsnQyoPddWMDvqYAM-Fjt0T,https://drive.google.com/open?id=1-InN67Y4ncuPmhocIXjIFlMCRboGd3q6,https://drive.google.com/open?id=1n-OVzHQwTv5TIgpRx_NblHWhHtQw7-Vg,https://drive.google.com/open?id=1Sao2vyXsltKF22AdJiUaOUCfMBSb67Lc,done,Diploma in Mechatronics and Robotics,,,
6/6/2025 14:23:20,sanskargadhave1505@gmail.com,SANSKAR RAJENDRA GADHAVE ,7302475945,Male,5/15/2006,General (Open),,https://drive.google.com/open?id=1zkVKFD6OTrwLwa4TnEoJJzqrd2BnesDu,https://drive.google.com/open?id=1rleudpSvyyVrE4xHT6CkejfALKPKkOIW,https://drive.google.com/open?id=13Chcl37oLhxAfQg5ZqTtX5YSZhVWFKmR,https://drive.google.com/open?id=1PHtPBUn13sNhMx52t1zWsfCgcodtPFqI,,Diploma in 3D Animation and Graphics,,,
6/6/2025 14:04:51,pradipghagare1283@gmail.com,PRIYANSHU SHANKAR KAMBLE,7400299533,Male,10/3/2006,Schedule Caste (SC),https://drive.google.com/open?id=1JcLrRRjt3Aps4bUxIqoIdr9_ZMh57lIn,https://drive.google.com/open?id=1DxPMoetQx3u8rojPlDBeqpBlhPDwARSd,https://drive.google.com/open?id=15VejhMv-2Va2xpA6Tma57knO6asAabwj,https://drive.google.com/open?id=1S_vze2V0Ee92nzCggyezmnS0DGhIV_K0,https://drive.google.com/open?id=1nr-pJFN_jPE_GjgteauiFsI5PRWw7B92,,Diploma in 3D Animation and Graphics,,,
6/6/2025 13:48:46,animation@idemi.org,RAJAS RAHUL ZALTE,8108134340,Male,12/9/2005,General (Open),,https://drive.google.com/open?id=197SP12fcvgJ5YensXypViWtMLLNWclxU,https://drive.google.com/open?id=1jmaghWbyTR1H_Pb4-SCzanZfC3d7ehlz,https://drive.google.com/open?id=1eeb-O4MhTgfLxF6v6iWvoQZ-rlqkIWi7,https://drive.google.com/open?id=1AgzYZ9FYH12qkhwMRvk63C3FS_O8txOA,,Diploma in 3D Animation and Graphics,,,
6/6/2025 13:31:24,bhaskarhemant32@gmail.com,HEMANT BABUARO BHASKAR ,9137119195,Male,4/27/2004,General (Open),,https://drive.google.com/open?id=1wDJMZoSLb5WEq8Esq_XAooxgJm1hAQTg,https://drive.google.com/open?id=1GZ4znPNhRnQoR5OGxVYdUI4YyMXghylY,https://drive.google.com/open?id=11vMNo53IZQKhmHj9UYVyF1GdIoa5_fnU,https://drive.google.com/open?id=1yjngaYnO4ns6Yr2bXprw9UXygqjRDTqy,Done,Diploma in 3D Animation and Graphics,,,
6/6/2025 11:52:18,lokindarrathor@gmail.com,LOKENDAR KUNDAN SINGH RATHORE,8689846419,Male,9/15/2003,General (Open),,https://drive.google.com/open?id=1SIbRBgvH31ihJts2D9CJ1d7KE952D1xQ,https://drive.google.com/open?id=1EZidAyl1yBuQ-zn61lHX7JN9fP4yyQnI,https://drive.google.com/open?id=1_v-Y9N5b2m_Tym5WhigHnSV_yPct_dCe,https://drive.google.com/open?id=1mWymInEHHzu2E2t0m6aeM3QDRHrKOqQQ,Thanks,Diploma in Mechatronics and Robotics,,,
6/5/2025 22:26:35,vipulpadave2@gmail.com,VEDANT DILIP PADAVE,7738269636,Male,9/15/2009,Other Backward Classes (OBC),https://drive.google.com/open?id=1KHHoy0GSE8D7xccS6_rv4057WpCB5LEo,https://drive.google.com/open?id=1tYDXtuFagaaW4hDq_mJo-zlXeBsak_JR,https://drive.google.com/open?id=1Cxw6RsgQ-BmixfJeaK0OAa8ukTSZy2Ol,https://drive.google.com/open?id=1-rn0KTLqtc_CNh42h0nCPT2TZ-mmo3B8,https://drive.google.com/open?id=1ikhmV2RH0UZJ390CE7vLvfpkw5eNNpCw,Yes,Diploma in Mechatronics and Robotics,,,
6/5/2025 21:25:45,vishwajeetshinde221@gmail.com,SHINDE VISHWAJEET DILIP,9689683351,Male,2/19/2008,General (Open),,https://drive.google.com/open?id=1GmCLcx1QxHbWjulGNR1vCVP10HhhDF54,https://drive.google.com/open?id=1KI0IfWZ_PgrWtNPoAKkPG21UyCRpfEI2,https://drive.google.com/open?id=1ef-d35zzM8HpohD2GSHESXi3gXD75AWJ,https://drive.google.com/open?id=1QwzJa2YgDOIfZEqa5raFFg8EdJd1ljwy,,Diploma in Mechatronics and Robotics,,,
6/4/2025 18:31:43,siddhantdavande30@gmail.com,SIDDHANT SHIVAJI DAVANDE,8433583369,Male,9/30/2003,Other Backward Classes (OBC),https://drive.google.com/open?id=1Eb8jhHeKUsuclgNWWTc4D4wD5exy38E7,https://drive.google.com/open?id=1H9mZu5agat3U1mbTrJzPSvLyiNBxOCYr,https://drive.google.com/open?id=16ZOq_tUpsOdFmJOJV4z7ryrZqKWsV7gX,https://drive.google.com/open?id=1YzYgG0Ul5Kj1UXyLgAZNIKS9jCGhlXcc,https://drive.google.com/open?id=19Hd_OzfVY8cUliaP6aGi6lzq5sSvMSpE,,Diploma in 3D Animation and Graphics,,,
6/4/2025 12:12:22,vishalmohod73@gmail.com,Nidhi dhanraj mohod,7387250240,Female,6/10/2006,Schedule Caste (SC),https://drive.google.com/open?id=1d5XxRwWkK8iQPh4LOQUP2bGrAe-IG420,https://drive.google.com/open?id=1-VwN4Y9v2gU1eZy8wTA1Xs9PTdhTVkMK,https://drive.google.com/open?id=1LxQnhRUeKS1F3BbqG2ybWi_q1P0SCYRZ,https://drive.google.com/open?id=1G2SPkt8OkbLpL0B03q7TDDs8FGGZidLa,https://drive.google.com/open?id=1uNi2P1cSDlaJe2H4hDcANB5s1wSygXNB,,Diploma in 3D Animation and Graphics,,,
6/3/2025 21:37:35,siddhantdavande46@gmail.com,SIDDHANT SHIVAJI DAVANDE,8433583369,Male,9/20/2003,General (Open),https://drive.google.com/open?id=1LBMRXEAvKkwSTSBT883FarDj8pM21TAP,https://drive.google.com/open?id=1oMgt2wJnSPf--LNhQbAzW6gtT1Fs62u1,https://drive.google.com/open?id=1FL1VLUn3a3IuB9nszVBYh6HtgWSFRLaF,https://drive.google.com/open?id=1feCo1C_QWjMqZal5dODZ-Cy4iWHl8-jH,https://drive.google.com/open?id=1wCyLfDx1dnB138YOig3DNkIBQYs0XIBR,,Diploma in 3D Animation and Graphics,,,
6/3/2025 17:49:41,omkar.kamble312@gmail.com,GAYATRI  SHRIKANT ELLE,7208588365,Female,10/7/2009,Schedule Caste (SC),https://drive.google.com/open?id=1Twq8g84MJXEGM1VA_zMFhbZgWyN1gqoU,https://drive.google.com/open?id=1llzfNJIiYC0Rfeem_E7LqxeKK6hpVHuh,https://drive.google.com/open?id=1IClsqNlRyJXRqF7D8CDPJz0InILF_lxX,https://drive.google.com/open?id=11VhgObyJrFLpeCWESRO9YqRrgsFJJ7Sb,https://drive.google.com/open?id=19r4nN3aEyOwlIkZLq19ohzeoR8SNFHSn,,Diploma in 3D Animation and Graphics,,,
6/3/2025 15:45:40,subaru72007@gmail.com,SWAYAM PRAMOD SAKPAL,9820766921,Male,4/7/2007,Schedule Caste (SC),https://drive.google.com/open?id=1fI7anvoxBuuwYc-On1ycwJBOZkhzPObw,https://drive.google.com/open?id=1KHoKpwr9Yvh_qzwzNZxMckQWfDXAHKET,https://drive.google.com/open?id=1lVZSE8Tg1SwMI3eFQKEWsV76F947bqPq,https://drive.google.com/open?id=1UMp4KPO_fMBnkXt3mZJPAr6OJyQO77Iu,https://drive.google.com/open?id=14bCcgqoj_NjLqwWSqnBQr19zk3aiZxGE,,Diploma in 3D Animation and Graphics,,,
6/3/2025 12:52:12,abhinavp042006@gmail.com,ABHINAV DHANAJI PAWAR,8689823509,Male,4/4/2006,Schedule Caste (SC),https://drive.google.com/open?id=1CE_qoGZxosrch2012pvW5dPKtabEOjNJ,https://drive.google.com/open?id=1qaw_x-e0VaaCJxk02Yq4C-HWyt_o09Lx,https://drive.google.com/open?id=1KPaAG6vC3IX-gkS22JL6ZP7Q8W6sIMpk,https://drive.google.com/open?id=1FQI29FYq484LjjwY_gNH2wAmU6kbYQke,https://drive.google.com/open?id=1u-1bLr4e-LELFh3_kF3Y8YTQOB7w0pzF,,Diploma in Mechatronics and Robotics,,,
6/3/2025 12:03:43,animation@idemi.org,Aaditi Shailesh Salvi,9653377812,Female,12/4/2009,General (Open),,https://drive.google.com/open?id=1jQ4di1VFFKpFNpUM2RyGwZIFyye-Aomy,https://drive.google.com/open?id=1WV4JyjjE1lpOH7pV0QNEwRg2GGlbAU2k,https://drive.google.com/open?id=1UYk51HzzvFuU84uprhxHFV0qBsZgdJ4_,https://drive.google.com/open?id=1T4JhrGuTsa7hVv-M3o6R5PeQZZ9-QJx6,Done,Diploma in 3D Animation and Graphics,,,
6/2/2025 21:06:58,gaikwadneha550@gmail.com,NEHA JITENDRA GAIKWAD ,8433629777,Female,3/23/2003,Other Backward Classes (OBC),https://drive.google.com/open?id=14ZzXoIjyMqzbCbN-l9aT2h6GzyXCpwG-,https://drive.google.com/open?id=1HrSd8NZfU3ryfCprAC_9aBPtdNwPfSJc,https://drive.google.com/open?id=1O1PZwI05ekO8t5fPJfj6tryJcDhRthrY,https://drive.google.com/open?id=1itW1MVPjTP_-0UiqzFdNAkHe_imbPxkK,https://drive.google.com/open?id=1kNMq-cgPCddnrRfow9l9fWfirCvFzNxl,Remark - Trying for direct second year because I passed out with ITI with electronic mechanic trade with 78%,Diploma in Mechatronics and Robotics,,,
6/2/2025 19:33:48,chaitanyawalawalkar23@gmail.com,CHAITANYA GURUNATH WALAWALKAR ,7304746457,Male,7/23/2004,Schedule Caste (SC),https://drive.google.com/open?id=1Xro3hVvOsDFEWLNvuRLcI6UzfDwfLNR6,https://drive.google.com/open?id=1vZEUDd_65zCvo3PXQtp0Idy0OnUU4V31,https://drive.google.com/open?id=1SHxzBJviGdJKfFnl3HEoRdsZhY053z0d,https://drive.google.com/open?id=17aUEXcZsPSMmU8XXjCJkmxri1HdLCqXp,https://drive.google.com/open?id=1mpxKKcIXuyskGu5VRy4ixSUMD2uY-FvU,Payment done ✅,Diploma in 3D Animation and Graphics,,,
6/2/2025 18:38:42,prachibhalerao915@gmail.com,PRACHI JEEVAN BHALERAO,9594517251,Female,4/12/2007,Schedule Caste (SC),https://drive.google.com/open?id=1Lgui9hC0D0vrrco_a31-J37eMZbQtZN8,https://drive.google.com/open?id=1cJUm52sEEuebtOLZ2FP_tDWJRxpw6j4w,https://drive.google.com/open?id=1tXZCQ33YUrPu5TuYaaiuLDi2QhfS4Ids,https://drive.google.com/open?id=11xf8DyVETlvnahNTxXn1h8S_WNsApyox,https://drive.google.com/open?id=19dlT4svYlpgGY7682Ox9s3D4szWrxN0_,payment done,Diploma in 3D Animation and Graphics,,,
6/2/2025 17:03:56,jayashy34@gmail.com,PRASENJEET DADASAHEB YADAV,8828946424,Male,12/29/2005,Schedule Caste (SC),https://drive.google.com/open?id=13C28B-j_P7_rsVYmYGWOcd9HG1ASWxDm,https://drive.google.com/open?id=1lgGyzmlZ2bBx3TJkxloB0qh9X45T8iCU,https://drive.google.com/open?id=1bbcC3H8JAcEZ9d9NIJ4FlR9jmPesm-2l,https://drive.google.com/open?id=1xsbnYhYnukkQO8uSZUDwUTNb3A7qvKXL,https://drive.google.com/open?id=1UGfDXJo4IfafFXZSRi6R2Hb9jQELIR0s,I have completed the payment,Diploma in Mechatronics and Robotics,,,
6/2/2025 15:47:24,bhandareparashram@gmail.com,ALISHA PARASHRAM BHANDARE ,9224647414,Female,5/15/2010,General (Open),,https://drive.google.com/open?id=1ebF-taMXUtP-iUSLC7M1omjMv-vpe8Jb,https://drive.google.com/open?id=1qwTs7IfSCLtTeKGVA0bmj00ZNIhUPUyF,,https://drive.google.com/open?id=1n013NLczlk9kuC5TvfYmjy_VOCV0agBP,,Diploma in 3D Animation and Graphics,,,
6/2/2025 15:23:06,parashrambhandare.83@gmail.com,Alisha Parashram Bhandare,9224647413,Female,5/15/2010,General (Open),,https://drive.google.com/open?id=1ne43NADm6B_SNbV2IFsvbmhu02in_TfV,https://drive.google.com/open?id=1EpU4JSmk0Zzo7ZfnOPTCuZoGwppWZERl,,https://drive.google.com/open?id=1wecBe96OWNtbohZYDD1fAtV_vUjn2Hbc,,Diploma in Mechatronics and Robotics,,,
6/1/2025 21:29:57,mugdhasr3013@gmail.com,ATHARVA SHANKAR SALUNKHE,8355909332,Male,8/22/2009,General (Open),,https://drive.google.com/open?id=1Kjly7OzUN5vrFJUZADgLiLwal6emTr9U,https://drive.google.com/open?id=1AxsMKlPGQmOZ2iJxW1JXn5c_BMJODrBy,https://drive.google.com/open?id=16kx1YCcI4McyeVG9sUyoZ5gfy1JXaiUZ,https://drive.google.com/open?id=1h_17oWS4Vl1AMjSwfXE9pd7IvpNIakyb,,Diploma in 3D Animation and Graphics,,,
6/1/2025 18:23:52,shlok3756@gmail.com,Shlok ,Shinde ,Male,9/29/2009,Other Backward Classes (OBC),https://drive.google.com/open?id=1k1xFLI9o-qiM_i-uUQwgVwgkTvZjzms-,https://drive.google.com/open?id=1xf20re-74NdIGrSEGSisbCpEuYJEwVf-,https://drive.google.com/open?id=1Az0YDiMDgwaUZ7OB0l9RkNLDJ7OKyV_c,https://drive.google.com/open?id=1xVi99bqygM2X64TjfL90UFD0Pee1W1hu,https://drive.google.com/open?id=11x64C-YUNmrEjZRjZXCHvUuskDJhEnF-,,Diploma in 3D Animation and Graphics,,,
6/1/2025 15:19:48,ramdhanjaiswal5@gmail.com,SATYAM KUMAR JAISWAR ,7348337411,Male,3/30/2008,Schedule Caste (SC),https://drive.google.com/open?id=1kKfeIZ8F_6cNloWUBCvn5Zp5VuyaQfvi,https://drive.google.com/open?id=1im0ayIFNQQGmjU0YKo3rourb02ibfpAJ,https://drive.google.com/open?id=1-LA2mOTGmW3bz8nXSO1HmVxCMfxtu4LK,,https://drive.google.com/open?id=1hsPOzZKgpEHL0Ngjcm4aktPcQJmd07sV,,Diploma in Mechatronics and Robotics,,,
5/31/2025 19:09:01,anshulpd1980@gmail.com,ANSHUL PRASHANT DHOTRE,9326849819/9969229980,Male,9/13/2009,Schedule Caste (SC),https://drive.google.com/open?id=15w9Yrg9vCYaUOJKYucPrfyWpJHufDlwq,https://drive.google.com/open?id=10WWIflOCPPcXHGQK8Or0M03PuZVAUeFw,https://drive.google.com/open?id=1ZKXZhOXyfrZVCj-nC2o_pwBWULCH23Wo,https://drive.google.com/open?id=1oXaopY5MWtlnvwSBbEcoxKMPEYyQDTKk,https://drive.google.com/open?id=1V5_Q3VXT8US3j-kn1sLznuGW7gzhmuL6,,Diploma in Mechatronics and Robotics,,,
5/31/2025 19:06:13,yogeshwarbanda@gmail.com,YOGESHWAR SWAMY BANDA,7208339198,Male,5/12/2009,General (Open),,https://drive.google.com/open?id=1xSDvkAXx_lErxLJS-CUUW2V4LACBjP56,https://drive.google.com/open?id=1bZE6umD7pakmge7hRnB1npalE1tTzBhM,https://drive.google.com/open?id=1QezV8H-oIm91XpIZwgP_8JNPA6ueEECM,https://drive.google.com/open?id=1BA2OHA4sRpXiDqLObMEYWYaJHYCbAAxJ,,Diploma in Mechatronics and Robotics,,,
5/31/2025 18:40:53,chinni.rayudu1981@gmail.com,YOGESHWAR SWAMY BANDA,7208339198,Male,5/12/2009,General (Open),,https://drive.google.com/open?id=1Tj9JOUFTobKrmmL3wIi87qEUara6aWSE,https://drive.google.com/open?id=10FKtQdlcbscD95N0rmCuVmJZPYyRGWHg,https://drive.google.com/open?id=1iCV8YpdHRtSinHA1GFmLE-rLpWdjQS05,https://drive.google.com/open?id=1H5FuKn8sMxR1GZItSR91VkBQxBU8OSNY,,Diploma in Mechatronics and Robotics,,,
5/31/2025 13:17:48,haydensimoes281@gmail.com,HAYDEN SIMOES ,8468863743,Male,9/14/2007,General (Open),,https://drive.google.com/open?id=1Nk5lojYHo26vHL-43t8X-ShOTjiuu10z,https://drive.google.com/open?id=1fRgfF-1oQ3qCgCzPLtqrjATBgoddJmGU,https://drive.google.com/open?id=1-mRNi82uXPx2bXD004WzGZHfVq-wk4xm,https://drive.google.com/open?id=1uN0xxP0k-ZNdRNXuQ0QZPDTvXx5M0zi3,,Diploma in 3D Animation and Graphics,,,
5/31/2025 12:44:02,shardapagare9076@gmail.com,Jay Siddharth pagare,9076480529,Male,4/5/2009,Schedule Caste (SC),https://drive.google.com/open?id=1ertMjlp4vva2sNoAnVrcy0UVtPf-q-Cl,https://drive.google.com/open?id=1qlVbzPOEyGbFo-MYhT2o8b2niN5Wo27R,https://drive.google.com/open?id=1h8jPsZVsQhcjizbmsw4W7aKIvEdW1BjF,https://drive.google.com/open?id=1ip81frTS-t9yGPG47c936Pw_IqZ0EnjS,https://drive.google.com/open?id=1DoYwn0KktUBTY8MNboirOExutZkAjbWw,,Diploma in 3D Animation and Graphics,,,
5/31/2025 12:21:22,manesushant90@gmail.com,KAMBLE PRASAD CHANDRAKANT,8605178094,Male,5/21/2009,Schedule Caste (SC),https://drive.google.com/open?id=1iSw7dSbAghaNWDxbfCahbWpq_r9UbRdt,https://drive.google.com/open?id=12eb4X1HO7DA1xQGYRdePuybNwt-dvLAt,https://drive.google.com/open?id=1SORFVv4iqlzKKhEdSiINUWE-8dYzrwME,https://drive.google.com/open?id=1qhKHgm-WQknK6CTPEvvtoRY2tRPZrYn4,https://drive.google.com/open?id=1MNe-HfRUVdRiXwN4e32yW9h2CauMRzqu,paid using QR,Diploma in Mechatronics and Robotics,,,
5/30/2025 21:28:13,nilkantha.gawade@gmail.com,LAKSHYA NILKANTHA GAWADE,9833792713,Male,8/5/2007,General (Open),https://drive.google.com/open?id=1TEd60JaSGvVIsLaOWk483WMWvnv2v-Zg,https://drive.google.com/open?id=1XtZBvjmkFvnq3xl3CFxZ8in7Y-VkimV2,https://drive.google.com/open?id=1-MSTIdyz2tec08q0GmpXzGXmxQ9rBGcB,https://drive.google.com/open?id=1CgynmCEda4F_5VkyyXVuzMnJVkql_QG5,https://drive.google.com/open?id=1Jdt0W07qo6E12MfOyYiewc_k7iodruGT,Paid,Diploma in 3D Animation and Graphics,,,
5/30/2025 13:47:13,deepaksumra0@gmail.com,JAINAKSH DEEPAK SUMRA,9324340080,Male,9/22/2007,Schedule Caste (SC),https://drive.google.com/open?id=1SE6GR37QojyD2k61isf_Sq9pN1qKp5hs,https://drive.google.com/open?id=15A7PXjpb04l7GLzs2IxaHJX1mgGCXl9P,https://drive.google.com/open?id=18h27FpxeP4AKPSZ37nuc19_s4pOYbjkN,https://drive.google.com/open?id=1taaUXTnBQt3TW2AhyB55g7h6OyaBLZpK,https://drive.google.com/open?id=19GQeGizImA2BBGy2NxY00ijku4ZFiS_a,,Diploma in 3D Animation and Graphics,,,
5/29/2025 22:03:02,gprajwal0111@gmail.com,PRAJWAL GAIKWAD ,8591908578,Male,1/11/2006,Schedule Caste (SC),https://drive.google.com/open?id=1DbuEEWehwGJEXSnskInPZAZYrzjb1nBi,https://drive.google.com/open?id=1eCy0-ctCdG-vkr5ZZ6bYuS2ClxJiFmg8,https://drive.google.com/open?id=1g7gCjR8rSxxTBRiDXXHxspwOndkZ6Y_E,https://drive.google.com/open?id=1ElEnslvD_7rQglR5x1xoIzip2fD6NKmH,https://drive.google.com/open?id=1XaOPIXQmrNuuCgxZGL3o9Ppc-LW2UHpu,I done my payment ,Diploma in 3D Animation and Graphics,,,
5/29/2025 17:41:58,tanuja199910@gmail.com,VIVEN KISHORE PATIL ,9892587895,Male,5/6/2008,General (Open),,https://drive.google.com/open?id=1aE_SGCsCxgxfEp7q9Zyw-3PGz8jCLklL,https://drive.google.com/open?id=1ioi_173vv5nHw5cxiLob4yfBomrCHhNm,https://drive.google.com/open?id=19RGaYa26-ot056FWVPJ42d7S6w8Y62sa,https://drive.google.com/open?id=1JgALPFs6rJa8ud8-0eVWFxcBQay6L17L,,Diploma in 3D Animation and Graphics,,,
5/29/2025 15:05:01,paritoshkharge@gmail.com,PARITOSH JAGDISH KHARAGE,9833930793,Male,11/27/2005,Other Backward Classes (OBC),https://drive.google.com/open?id=1vsSdioIb0-PDJq71Oe_XCfoIPfIN3Qjq,https://drive.google.com/open?id=1CrGvHWPCd9Lf65FVWCimGGRnRk66KBAU,https://drive.google.com/open?id=1gMIufVaeuMwljH1lIG4VpkdKzL2T5lsb,https://drive.google.com/open?id=1szy3PAk07p7GtLh_s_7JypP_X3WdqKug,https://drive.google.com/open?id=1mfVuPR5RYkqjLvNkofeT2KMeIdqIoAwx,Yes,Diploma in Tool & Die Making,,,
5/29/2025 13:58:21,pagareajay2003@gmail.com,AJAY HARI PAGARE ,8657227311,Male,6/26/2003,Schedule Caste (SC),https://drive.google.com/open?id=1f1sSGOMzzAEW49gd1wvZ06pxFIJr2VkZ,https://drive.google.com/open?id=1X7WBpLDtpAiFWKZo_QoN6swjzXjVo3lk,https://drive.google.com/open?id=1sx1AeH8QcfhYoyol-ilMNdDxlmDmPVuL,https://drive.google.com/open?id=1eiKMBVtCRHusYceT0nmkZvLvnsm5TbsV,https://drive.google.com/open?id=1k7o6MKGT5dBRzhN7aQhoZmj2u8eZ0WJS,After confirmation ,Diploma in Mechatronics and Robotics,,,
5/29/2025 12:56:31,pparmar635544@gmail.com,Pratik parmar ramanbhai ,6355447406,Male,6/20/1985,Schedule Caste (SC),https://drive.google.com/open?id=1K7W2kNuFEDRkoi1JvNlAHbrklOK4JqCF,https://drive.google.com/open?id=14MiBowDVqusT0bwMYrn7ocJMZ2VWt676,https://drive.google.com/open?id=1252A8tNlvfdl9EzZvJ4ibzYvf60Xy8SM,,https://drive.google.com/open?id=18RfmeONihIJ4dKnnD05FiEApdoYZQudk,,Diploma in 3D Animation and Graphics,,,
5/29/2025 12:48:01,rforramesh2778@gmail.com,SIDDHARTH RAMESH TELANGE,7021246342,Male,10/23/2007,Schedule Caste (SC),https://drive.google.com/open?id=1QgaohpGRFdYZ1orDCTMgc-Mbghq6ymgw,https://drive.google.com/open?id=1iSH7LA6EDu8M-mtjKQQ1IqAa6PkszRGC,https://drive.google.com/open?id=1G8yhmGmjieiVC9B4_o4JT_1xmaDVXdXX,https://drive.google.com/open?id=1XkmjDodv_gww6PXdNtLMvjNCT8-mhM6E,https://drive.google.com/open?id=1m2ekPW3tZA-eUpytmaLEUTe1eFJhuNz1,,Diploma in Mechatronics and Robotics,,,
5/29/2025 10:20:13,smrbhaldar@gmail.com,AYAN IMTIYAZ SHAIKH,8169868092,Male,9/2/2009,General (Open),,https://drive.google.com/open?id=1H0BUFS5I9IfYcht6fhiWom1Fa48tfAYC,https://drive.google.com/open?id=1xZGB6o-OGr0vQGFptSlthwUNUr5H3v5H,,https://drive.google.com/open?id=1UT93ECQJHiJXxnPm4lh8gIn_KlP2dOZK,,Diploma in Mechatronics and Robotics,,,
5/28/2025 15:12:23,premalpatil11@gmail.com,Parmesh ,9967406684,Male,10/16/2009,Other Backward Classes (OBC),https://drive.google.com/open?id=1iD7dIrsVoFyTbJVbyEbtNg32IkP8jflJ,https://drive.google.com/open?id=1FjhxHzZ0ZoObn3u1N_fudHxwl3lbHRO-,https://drive.google.com/open?id=1XvgJcPCKBiuTsol12SZgmcJwJUKwTefS,https://drive.google.com/open?id=1URYRwJQExuwpb9IT-cZq6hJxF8IjfPt8,https://drive.google.com/open?id=1ahUDXLYZvJ16lh3M9x-r6Kguorse6cWJ,Paid,Diploma in Tool & Die Making,,,
5/28/2025 10:46:54,kamblemanav09@gmail.com,Manav Kishor kamble ,9152902008,Male,1/19/2008,Schedule Caste (SC),https://drive.google.com/open?id=1xif_UAar01jnkOF5qqnPbQr932QJt9kS,https://drive.google.com/open?id=1paD6F5ORpBnWeRR2rtxoHGCLjvS-MijB,https://drive.google.com/open?id=10tPdDiF7asG3IXgi3zEhKFp2YSXjUX25,https://drive.google.com/open?id=1GIHojMx0Zf6hSnnFaBUz-y-jnh3qKUN2,https://drive.google.com/open?id=1L4qWEP3Ur7-N3MHzjkyEFYnf6wQXJc3d,Done ,Diploma in 3D Animation and Graphics,,,
5/27/2025 22:56:07,sagarsir99@gmail.com,KSHITIJ SANJAY KAMBLE,9136131020,Male,12/3/2005,Schedule Caste (SC),https://drive.google.com/open?id=1DsXsn9x1kvwr0vVgNCH_gOFmRFSBQrsg,https://drive.google.com/open?id=1vBcOOpB_btFX8P7lLtt1scLOJGl2Yx5M,https://drive.google.com/open?id=1PdPDgdxRL6Pd7WoPezO_uMFUzHoO9P15,https://drive.google.com/open?id=1jn-xqzvw4VFfbzDCogbGJ4hpVbzksaDG,https://drive.google.com/open?id=1ctAxTGcQNKKy6hJPuSUEy82hghIFJN0Z,,Diploma in 3D Animation and Graphics,,,
5/27/2025 20:54:26,sudeepgangurde6053@gmail.com,SUDEEP SANDESH GANGURDE,9869392364,Male,6/12/2008,Schedule Caste (SC),https://drive.google.com/open?id=1rkInJ-rq5GCAdo2exSLVGXDfBYfHd_jq,https://drive.google.com/open?id=1lEGJTv1KpJUIEU-VYXqmDPAebYYtO6xz,https://drive.google.com/open?id=1WXLZv6ZlrkwsHDl9HpglUM2q50hMnE39,https://drive.google.com/open?id=1n8EO-8y82k-Eurfx2sppLy9FB7iao2Wz,https://drive.google.com/open?id=1F12gPSiaZA_WeYFHhbc-8zJLfpNGxadj,,Diploma in Tool & Die Making,,,
5/27/2025 12:30:46,smegharaj538@gmail.com,Meghraj maruti shinde,8928585838,Male,3/31/2007,Other Backward Classes (OBC),https://drive.google.com/open?id=1nvY_4hneua7738xJpRxLTkJ3ZKuz9frK,https://drive.google.com/open?id=1UvCso7qHXD1eRyHz3rl33M86x0j929gJ,https://drive.google.com/open?id=18qnyab6m2LDtU3zw4N7ORv_RNfAAo3Zy,https://drive.google.com/open?id=1fKXXqfQ9jW9fGiKX8FlNosZ4FeSyvjvd,https://drive.google.com/open?id=1-dV-KVIwGQSCHBfxX-vwxAd6T4ykIJNG,,Diploma in 3D Animation and Graphics,,,
5/27/2025 12:03:32,karandenikhil94@gmail.com,NIKHIL RAJENDRA KARANDE,7738340465,Male,7/6/2008,Schedule Caste (SC),https://drive.google.com/open?id=1w_RD24ExjCfjR_7VLRJxZjHaxhNji6N5,https://drive.google.com/open?id=1aAPdjsL1uBdTKMSpcLAsAQv5Tg3sh6Dk,https://drive.google.com/open?id=1a0lgVf6KLabr8EGaMKGQ8Tr5zB37Z4cr,https://drive.google.com/open?id=1EYRBa1eOIj3Nu9NOvTv6itO8aU_QWPYR,https://drive.google.com/open?id=1RRCl7lsLYto-Wbe8BtW7-ENT-QIsoFNL,,Diploma in 3D Animation and Graphics,,,
5/26/2025 21:02:50,shreyasshinde2712@gmail.com,SHREYAS DNYANESHWAR SHINDE ,8104699098,Male,12/27/2007,Schedule Caste (SC),https://drive.google.com/open?id=14GkLXqx5EjP-dD2rQt7KL1K3g-ERNKJ2,https://drive.google.com/open?id=1M40FDahV0UNnINULRBf-1LYx_Timhkiy,https://drive.google.com/open?id=1NIoR0N-jo-b2s5qhuWLQUdNGJUFMAJ-P,https://drive.google.com/open?id=1yqYZ83lipMLqJH1UcZ1dfxNQe3eJXbt_,https://drive.google.com/open?id=1mQ6Jp0wDKjv0RVy-fTnmP7lB5eil7P0-,,Diploma in Tool & Die Making,,,
5/26/2025 13:09:13,digambarrajapkar5@gmail.com,Digambar suresh Rajapkar ,9763361754,Male,11/15/2005,Other Backward Classes (OBC),https://drive.google.com/open?id=1HgWsMAgGJ_ly-IwBF7_ucHmRF7IwrrmR,https://drive.google.com/open?id=15s-CUM9sYd6azQZpF2UTXaTrrCTLVRY2,https://drive.google.com/open?id=11CnlT0ObL7BPbcqWFOP05mZJxQF-Q8TU,https://drive.google.com/open?id=1sVTowbXA4RWWsrs_u23fJrDbJgb3eBQY,https://drive.google.com/open?id=1yWyCQ-k9l9SD5N4GA0nWE-h9yx0qtqPD,,Diploma in 3D Animation and Graphics,,,
5/25/2025 21:14:39,kamble.mahendra126@gmail.com,MALHAR MAHENDRA KAMBLE ,9930502433,Male,11/28/2009,Schedule Caste (SC),https://drive.google.com/open?id=1O4jN_aHruvowtSSQbar3qZAHy9QiYPym,https://drive.google.com/open?id=1zmAqLb1uz1z1fvq05Kig5NpdkapyC43b,https://drive.google.com/open?id=1d2CnTPQKna-r2vchkV5wiaKaL9J7DTBC,https://drive.google.com/open?id=15G9_Xvk6g4Izgawhm0yLGqTpdUhWruza,https://drive.google.com/open?id=182YuIx8HldKDGQIsFy53pS0rT53e8UKW,,Diploma in 3D Animation and Graphics,,,
5/24/2025 22:31:00,sudhirdhumak@gmail.com,PRANAV SUDHIR DHUMAK,9819935216,Male,5/12/2009,General (Open),,https://drive.google.com/open?id=1XQJcw1bs7zAyLiqNzNGmC5R6XhZ0JiSY,https://drive.google.com/open?id=1wrEdZj7yTHj77KiGsdeXIZZ6b93QQYG0,https://drive.google.com/open?id=1Lvy78yZxqY024Bq5Fuxi1b4JUVrG-qyE,https://drive.google.com/open?id=1BLVhIc9t6ZtXf6eVkF5iwzjM3LK3MV1j,Paid,Diploma in Mechatronics and Robotics,,,
5/24/2025 16:45:24,hamidabanoshaikh57@gmail.com,SHAIKH MOHAMMED SAEED,9967780621,Male,12/24/2007,General (Open),,https://drive.google.com/open?id=1Vku0OzuYTpeOhHCmm2FpBTNU969hrWsp,https://drive.google.com/open?id=16dVPIQBlwK3qK1-sP4WNS082Ll0vlR4E,https://drive.google.com/open?id=1idmT8WEL7EKg5khNAo9uZJFvLDcezoqb,https://drive.google.com/open?id=1gMulxCh4x4KDagaavQjivxmZ5sozFgDR,,Diploma in Mechatronics and Robotics,,,
5/24/2025 16:40:30,hamidabanoshaikh57@gmail.com,SHAIKH MOHAMMED SAEED,9967780621,Male,12/24/2007,General (Open),,https://drive.google.com/open?id=1dACqSN_6KiLaIBjg9-s0TkGK2xdTa2xJ,https://drive.google.com/open?id=1pfN5UTybTwojentiv9olcvlA8jfC42VR,https://drive.google.com/open?id=1gC4TUWlGzdZTprfpfhuU4o3sTBtROJmV,https://drive.google.com/open?id=1YSzaeK-ER7vdrC1-LSRhOSkWdlL-mY8V,,Diploma in 3D Animation and Graphics,,,
5/23/2025 20:30:07,aditishinde9707@gmail.com,OMKAR ASHOK SHINDE ,9821513949,Male,4/30/2010,Schedule Caste (SC),https://drive.google.com/open?id=1roz9_BiSnWzyemUP-DdAfhMLZK0U2SzK,https://drive.google.com/open?id=1v3-H-qzmC-NfCWLI_a-8FG39Kse43YEG,https://drive.google.com/open?id=1wDd0UTF16tRDc8OKC01TpSP3FjRSnJLI,https://drive.google.com/open?id=1Scu5zAawScTweMq-G11GhgD5k-nhd1w4,https://drive.google.com/open?id=1CzGkoIkPN7uh70sFUufK0X5OuCL8qkd5,,Diploma in Mechatronics and Robotics,,,
5/23/2025 17:37:55,subhadip2006mondal@gmail.com,Kuldip Mondal ,62949 02127,Male,11/23/2008,Schedule Caste (SC),https://drive.google.com/open?id=14GE8giNQPiFHWiF5Ea9qdodforWMkH6s,https://drive.google.com/open?id=1re-jJGU6duXllNKcE5lresbZiPVgV6hh,https://drive.google.com/open?id=1iUqz2QzDBpflwYPlzvJVa8lmQmGS3qBf,https://drive.google.com/open?id=16cNhDgbDV1pK4nG-IICsPdGVrc6dJ6hL,https://drive.google.com/open?id=1ByOOxOAYDNhC7QqM_Q3X___5r-OepHWP,,Diploma in 3D Animation and Graphics,,,
5/23/2025 16:22:02,shahzadkhanshahzadkhan423@gmail.com,MOHAMMAD SHAHZAD KHAN ,7275472748,Male,1/18/2005,General (Open),,https://drive.google.com/open?id=1Ch3IbW-PFNFYIO5H8r8mgAYsopRBPtC7,https://drive.google.com/open?id=1MX2WAp4yGi7ZDUOweNLrchF21xAtuv6S,https://drive.google.com/open?id=1-SpbalxULPV-XAA_wfIYPxDMBLPxaZMa,https://drive.google.com/open?id=1QoMNhpv1KSbZ-1yNvuZiQ_R13WdH9CG2,done,Diploma in 3D Animation and Graphics,,,
5/23/2025 14:50:54,subhadip2006mondal@gmail.com,Kuldip Mondal ,62949 02127,Male,11/23/2008,General (Open),,https://drive.google.com/open?id=1RcxWsIImscuWn-Ipy823q9GqZkHuEm-f,https://drive.google.com/open?id=1yw1XH3qleSkCeE6DEVxP0jawyVGPxkdR,https://drive.google.com/open?id=1kXbt9DzCIGQEfkevBxMaP1YcHxHhF_l4,https://drive.google.com/open?id=1mQ1fRWhamfn0-SilWP-dMHX7r9J4mtSS,,Diploma in 3D Animation and Graphics,,,
5/22/2025 19:49:32,somvanshipooja907@gmail.com,Pooja vidhyadhar somvanshi ,9822641267,Female,5/5/2007,Other Backward Classes (OBC),https://drive.google.com/open?id=1m_F1RhFR6jVZ7hlKz01P9c4htDo3CDaB,https://drive.google.com/open?id=1cl9HJQxGTVrSJOQmCOdkaPB6V4NHWIaD,https://drive.google.com/open?id=1h09_ALEKle9XcyF4CjzSbxIEPthdYu9Q,https://drive.google.com/open?id=1bf4MF1Cudj3zBLm3VzlxSpBD9yUW8WlY,https://drive.google.com/open?id=1APnSuzs40cb9OyoSRhA-VBNapbt3gQG2,OR scan ,Diploma in 3D Animation and Graphics,,,
5/22/2025 19:35:32,iiidpf@gmail.com,BHAKTI SOMASHEKHAR YADAV ,9322847496,Female,6/28/2009,Other Backward Classes (OBC),https://drive.google.com/open?id=1DzEDsirJsuvlgWmZompSLl9j7Tc3P4TD,https://drive.google.com/open?id=1ZyxxRLzNa3tRHN6HWsBbHtS5LgKNJhAw,https://drive.google.com/open?id=1pBxfZhn9vomLQl5BDh-g3OmHT3fENcPE,https://drive.google.com/open?id=1wVEdPagrMTVw44dlzt-QaZTAQEEy7MGo,https://drive.google.com/open?id=1h_XaWkToYJRl_eGBiyOvCaVnDWXdD4td,,Diploma in 3D Animation and Graphics,,,
5/22/2025 17:14:44,partemahesh05@gmail.com,MAHESH MANGESH PARTE,9309152626,Male,8/11/2008,General (Open),,https://drive.google.com/open?id=1_dS9OFWJIuI2qe1h1jbu_Q0i9KLfavLm,https://drive.google.com/open?id=1cfYXpV2fi4IwQglb-q2rveLgU6q4Irlt,https://drive.google.com/open?id=1BBbH8CVJjtkcy-eZ72vwd_D52TamG6M-,https://drive.google.com/open?id=1fyq_Ab65hUwAf_KYZIu3nn1Sjd3-59eH,Yes,Diploma in 3D Animation and Graphics,,,
5/22/2025 16:58:11,dabhekarharsh@gmail.com,HARSH BALIRAM DABHEKAR,9326973720,Male,12/26/2007,General (Open),,https://drive.google.com/open?id=1tlQEWpgm2YoCliE8BMmqYNcTZUG_9bo2,https://drive.google.com/open?id=1R-VN4BK29OblyPexHU5OX8LgtBQIBW2-,https://drive.google.com/open?id=1_XMaI4xTwC2SILAMUnPlabU94k0-fXe3,https://drive.google.com/open?id=1VTdH7lvzFFO-PibtnKe8CLW3isHaHubI,Yes,Diploma in 3D Animation and Graphics,,,
5/22/2025 16:52:25,golden.printers501@gmail.com,Geeta Suresh Surwase,9822100769,Female,10/19/2004,Schedule Caste (SC),https://drive.google.com/open?id=1nfOEkgt5CoScOvQVh55_JjYR8X1uAAhX,https://drive.google.com/open?id=1XmRaIiqv-fYLh98sryzNCU15BVyBVaG8,https://drive.google.com/open?id=1FmyX8l3WicMM2RxySQeRncgk0X9luNNi,https://drive.google.com/open?id=12VWm9dZTpfba0PmvSBf2j23n1KSB5bIH,https://drive.google.com/open?id=1S0fGxCiekkyHCADbRNhg-2BaQcv1kq8p,Done,Diploma in 3D Animation and Graphics,,,
5/22/2025 16:42:24,6d33.parthpawaskar.sgems@gmail.com,PARTH PAWASKAR,8425097651,Male,10/4/2009,General (Open),,https://drive.google.com/open?id=1pKYAo5CdnRDlk0lDgapoHNuYjx7IyMDI,https://drive.google.com/open?id=1xOwdTNzc76lCADBg4cPGS3sfYKvVnTdZ,https://drive.google.com/open?id=14y0rFYNCLDgEZVI-ov7cQM26D3CKc_mV,https://drive.google.com/open?id=1VmLYt9ClsLVoxh53kc6DPmk4XP9WmJIx,Done,Diploma in 3D Animation and Graphics,,,
5/22/2025 10:48:30,vinasrajthomasanthony1259@gmail.com,VENUS THOMAS NADAR,9867715698,Male,3/16/2005,General (Open),,https://drive.google.com/open?id=1qi5GB2q8dpACmWeoZ_TsfVUuMlS5A01_,https://drive.google.com/open?id=1E7VRCTNfKjsoowTzYppFzO_yKxS6c3iJ,https://drive.google.com/open?id=17X2rD7eeoszUR2CxtY5LSfqdBDOcLgCu,https://drive.google.com/open?id=11PwHUEiPvvuGSifY51zkzOTtB-PeDdSP,,Diploma in 3D Animation and Graphics,,,
5/22/2025 10:04:38,viruchandorkar@gmail.com,Viraj Dinesh Chandorkar ,8652215551,Male,11/8/2007,Schedule Caste (SC),https://drive.google.com/open?id=13NCX9724JG0cwq_FURvBEV3HCJ52bYR5,https://drive.google.com/open?id=1WYElrTLpmX3-D7_Vi2hccFQfOjBZ_K9d,https://drive.google.com/open?id=1QCBypQuzDv_ApIsmg9qxKZirGZ-TrKKN,,https://drive.google.com/open?id=1K42UieZbV7papJ2WbaxsnoPQHBCQiJis,,Diploma in 3D Animation and Graphics,,,
5/21/2025 22:52:06,atharvamalangave22@gmail.com,ATHARVA SUNIL MALANGAVE,8828215229,Male,9/14/2007,General (Open),,https://drive.google.com/open?id=1S9s9LBcTlaxwdbGF5RW_k6LuuIIfGPIh,https://drive.google.com/open?id=112JtcF7e1QroW63LfsTR_mq9qKvFjwAW,https://drive.google.com/open?id=1_98ATPoT2wn16_S5kZp_F4DiEaDI_q_8,https://drive.google.com/open?id=1tsa2NXtEH_O8z3EdSYH2bQlAzRmFfN6n,paid,Diploma in 3D Animation and Graphics,,,
5/21/2025 19:37:07,raishashibhushan78@gmail.com,Aditya danbahadur gupta,9555048613,Male,9/22/2008,General (Open),,https://drive.google.com/open?id=1kPz33TlucFkxNLBeNY3HSj6Q6nNqcOoV,https://drive.google.com/open?id=1VuC30tA6l1AUJRjlEDfaHFG1T8JOVIP4,https://drive.google.com/open?id=1F0whBXwMJSo_aVGlfyU4m7EC5x7Iga1Z,https://drive.google.com/open?id=1FGUJHHJfizKIIAiUOixHsv-qAMb696gj,,Diploma in 3D Animation and Graphics,,,
5/21/2025 18:07:31,kumarvinay33768@gmail.com,Vinay kumar sharma ,8928585838,Male,8/21/2003,Other Backward Classes (OBC),https://drive.google.com/open?id=1vnNvuwkzjPm8q61h1IFDj1rORzo591BZ,https://drive.google.com/open?id=1q_HLAaWDiJ3lJtYmaBk13_Y8cgCdaMok,https://drive.google.com/open?id=1TVpAtevv2aXhTxJdLEqokb2GzF_gTJpg,https://drive.google.com/open?id=1CI_Yc4RQcu5YKJmMJ0jPIIGiJYjk3YAw,https://drive.google.com/open?id=1LQnGWv-RbOuMx9gICurly4BaGfThsJx8,,Diploma in 3D Animation and Graphics,,,
5/21/2025 18:05:18,kpranit013@gmail.com,PRANIT SANDEEP KARANDE ,9833370604,Male,8/14/2006,Schedule Caste (SC),https://drive.google.com/open?id=1uWnjeeqAFLwWHJGuveohsar5a5eHziFj,https://drive.google.com/open?id=1ekaLJboe-RIJyrvDPx_hNX8UrBa4ZUwW,https://drive.google.com/open?id=1Wx9pe_cmyzRN4qETm1ZhSOVBKKrF4qdl,https://drive.google.com/open?id=195zJi-New5Fg06rG6Ch4OrmcyDADmcEl,https://drive.google.com/open?id=1iAqOllO9jyy1lW-M2bOabHSJzpFzUqJS,,Diploma in 3D Animation and Graphics,,,
5/21/2025 16:30:12,anukush80@gmail.com,Kushal Anand Jadhav,9967119726,Male,4/3/2009,Schedule Caste (SC),https://drive.google.com/open?id=1-S_h2XIF9ew5129HfZqSv8P0ATkpCucX,https://drive.google.com/open?id=1M1eZDRgNZYz1nDkBIXXP5llBFBcs81_A,https://drive.google.com/open?id=1njJvq-5p8bwLczSTJXDV77C97y3O7kVh,https://drive.google.com/open?id=162LUEsoSMdZriEuyNsZz7Nu77g-rlbFl,https://drive.google.com/open?id=1SprF8kG73-h-rqJPHbwmRsm4_GwKn_ct,,Diploma in Mechatronics and Robotics,,,
5/21/2025 14:43:02,vrushu01.p@gmail.com,Sahil Devidas More,8433629429,Male,7/18/2006,General (Open),,https://drive.google.com/open?id=16hAeto9dTP2mqhdZNea6u5xSibsQkYC8,https://drive.google.com/open?id=1lEmWgFkqLmq23yvgNjf_1oWc_Z0YxW2g,https://drive.google.com/open?id=1WTF_3HjOArGYjO86aLUER_mtJuSGlL6u,https://drive.google.com/open?id=1vwVJRlIer7WdG8p1ptrye_hAwVs0t0y1,,Diploma in Mechatronics and Robotics,,,
5/21/2025 14:39:54,vrushu01.p@gmail.com,Karan Devidas Pokharakar,9307623235,Male,3/8/2008,General (Open),,https://drive.google.com/open?id=1qcD77Rqjcllzdhe6iXXEZ958fC94MrxN,https://drive.google.com/open?id=1cyj0zjfYIPKeaX8Nq5MkqzdIGVejWfD9,https://drive.google.com/open?id=1LKqWvTw3EUMeL6HG20FUHIzRzKKZm1OD,https://drive.google.com/open?id=16QPKvUIi9JJ0TfKg-iRN9W0l4wr8qPe5,,Diploma in Mechatronics and Robotics,,,
5/21/2025 14:28:17,bansode.chandrakant35@gmail.com,BANSODE YASH CHANDRAKANT,8898305740,Male,2/27/2009,Schedule Caste (SC),https://drive.google.com/open?id=1xQLI3pc-TGUdlb4vDCEYCXP5h8nxFjIn,https://drive.google.com/open?id=1ADRKLMZnKyWfQmI4A3w7kx2IfxXl9QV1,https://drive.google.com/open?id=1xL7WpQNQ_ZodIdeq6ytIIzsEucoKdCMV,https://drive.google.com/open?id=1yCsj4dLgzpmo91Vmbj9scGCrn3hsZ6rI,https://drive.google.com/open?id=1wBSiu9gjBNsEvbdRZlNwgHcrZQhvR2iJ,Payment done ,Diploma in Mechatronics and Robotics,,,
5/21/2025 14:28:03,prasannamane28@gmail.com,PRASANNA SHRINATH MANE,9137024431,Male,6/28/2009,Schedule Caste (SC),https://drive.google.com/open?id=1ZTzQU7P2z_D8yZy_88zTOmmFLf16TPp4,https://drive.google.com/open?id=1kKhxj17zGH4OIADpWdLUilonMioSDnsK,https://drive.google.com/open?id=1y1LMA5B2m3xoEa4gfY5Sxmr_5huDGu9t,https://drive.google.com/open?id=1gkb9r6yVS-JbUEGpIZT4GUvH_ZcQKN3g,https://drive.google.com/open?id=1UgjbwPSA3bVU-Qy3nRmWqhroBPQRePhc,,Diploma in Mechatronics and Robotics,,,
5/21/2025 12:57:53,pradeep.advankar@gmail.com,Daivik pradeep Advankar,9820125126,Male,11/27/2009,General (Open),,https://drive.google.com/open?id=1r4yx1RuE2SdNW7wzWd8S0w3FzNnSajw-,https://drive.google.com/open?id=1v1Wg9yMrMavCYXvKnyB3A7fxfwu5HILa,https://drive.google.com/open?id=1CrGX3j1Tbnuz19FY9nAThJcq7SML-si8,https://drive.google.com/open?id=11x_XlMgnI0egdciDrFtwf_kG-5IxPM8s,,Diploma in 3D Animation and Graphics,,,
5/20/2025 20:07:22,azalterajas@gmail.com,RAJAS RAHUL ZALTE,8108134340,Male,9/12/2005,Schedule Caste (SC),https://drive.google.com/open?id=1Z7Du2zcZyhzNOttzT34XYsNoWbmLQb5A,https://drive.google.com/open?id=1fOjl7MIZVY2lxgH2Pq7Fvhg_2r_bk4Jo,https://drive.google.com/open?id=1IUVbkrci6RY88-wV-QgSm6nhCE75QBFu,https://drive.google.com/open?id=1m-4SdH9z3CfmvJfumM8NRuNh7ISPXp-r,https://drive.google.com/open?id=1lsEPivbqksSDqkLdxMZYJcTvmE1z8vA9,,Diploma in 3D Animation and Graphics,,,
5/20/2025 16:36:26,chafekarhemangi317@gmail.com,NEEL NILESH CHAFEKAR ,9619796151,Male,3/22/2009,General (Open),,https://drive.google.com/open?id=1NZ_SbXYvSpGP90GS9pP0W_FgJLGOq5fE,https://drive.google.com/open?id=1D3_6EdMgnSxwZhXTWSNFyuUP085D0h9T,https://drive.google.com/open?id=1_USjhPEoWkoGhVcDcsynaAbLVp4NGW5T,https://drive.google.com/open?id=1_Ah6nX6SN9NFTKEywNy7ir2g_ShBqc55,,Diploma in Tool & Die Making,,,
5/20/2025 16:32:38,nirbhaymaskeng9090@gmail.com,NIRBHAY ANKUSH MASKE,9082507694,Male,3/3/2009,Schedule Caste (SC),https://drive.google.com/open?id=1LE8mTNwjRYdTfvWFabyCrcgKj6ICPebr,https://drive.google.com/open?id=1BYQUHyyECtdQ5bdiZcwb8dVIQp_qtcb8,https://drive.google.com/open?id=1DyMblath50rsONlpM3I_ZOjbFWOC_fIb,https://drive.google.com/open?id=1RaLlYXEYHEryhvjwuuTjfBF6vG2eziCB,https://drive.google.com/open?id=1qn35pGHrpaLFMBBUFvWDTCbFmn65JFbE,,Diploma in Mechatronics and Robotics,,,
5/20/2025 12:14:32,yashberde795@gmail.com,YASH SUNIL BERDE,7666764278,Male,6/15/2007,General (Open),,https://drive.google.com/open?id=1gzvJBV8ak9ogD-19mAOqp633Jr_xiWyL,https://drive.google.com/open?id=1s5UQ71cY3ZIR8n-O7WzgAS0PawBtuCwC,https://drive.google.com/open?id=11VUI0qE6ptH4Plao2vghc1owRJZtKnRh,https://drive.google.com/open?id=1nXb_ZCfdCQX_GnftEZwzCKH3J3y7nbXg,Done,Diploma in 3D Animation and Graphics,,,
5/20/2025 9:50:42,csnehal444@gmail.com,SHIVAM NANDKUMAR CHAVAN ,8600416018,Male,10/1/2007,General (Open),,https://drive.google.com/open?id=1IUPUMWGWCi1xNUfIPCks_vd5KUuPQuRs,https://drive.google.com/open?id=1BCgD3-OjY-NaYXluZrCycXKA5WQvJUJR,https://drive.google.com/open?id=1_JmQ82sxhnlq0BaaUSGwGhD9m1J4g7Pq,https://drive.google.com/open?id=1_KvM8y7zwaw0auW9lZ0X9irMRJw6euhM,,Diploma in 3D Animation and Graphics,,,
5/20/2025 9:00:03,pranalikumbirkar@gmail.com,PRANALI RAJESH KUMBIRKAR,8652428718,Female,11/15/2007,General (Open),,https://drive.google.com/open?id=106rsixfYEWQy1kgwrcCZVTegVS7ag8aw,https://drive.google.com/open?id=15bkVMLkSSw6dKALJexm4WNVjeMbQGb1y,https://drive.google.com/open?id=1z8Tjgp70m88HS1JIeUpZYgpLozR7SqaT,https://drive.google.com/open?id=1K46XlZFQSDC9HYzcDDV3--2I4vnOL-PF,,Diploma in 3D Animation and Graphics,,,
5/19/2025 15:54:20,vijaymohite82@gmail.com,RAHUL VIJAY MOHIITE ,9867663143,Male,9/30/2009,Schedule Caste (SC),https://drive.google.com/open?id=1m6_zHHrA4bl5m6NEesS7F5_E9N-XGkY8,https://drive.google.com/open?id=1uDb92T_X26Omt6yODSivDMVedgOHdtWl,https://drive.google.com/open?id=1qx-oaOB-pK3KP0F3IcFtey2efogF99dk,,https://drive.google.com/open?id=15KHXvfaWzycA7AFSkb_H7nP8q6AZisJB,,Diploma in 3D Animation and Graphics,,,
5/19/2025 9:36:23,shalakakanade2007@gmail.com,SHALAKA VAMAN KANADE ,8591572142,Female,7/7/2007,Schedule Caste (SC),https://drive.google.com/open?id=101CbvWLYFtENiv-ldjeZ_9mGCFJ2Uq5X,https://drive.google.com/open?id=1ePSTAXebnlgp-7LFzR9OvWyuDZpIW_OO,https://drive.google.com/open?id=1yBvZgsRsIIOonZMo_o0h5Jg-MQdJP961,https://drive.google.com/open?id=1cA1PaRJeBb4rw_Vd_nBANY4Qny_tYlB5,https://drive.google.com/open?id=1mAuYOBj9lfjiTeYB4mBm8U8F9BfxJKGM,,Diploma in 3D Animation and Graphics,,,
5/17/2025 17:45:44,blackmagnet5647@gmail.com,PRATHAMESH SUREKH SARODE ,7977418182,Male,10/20/2006,General (Open),,https://drive.google.com/open?id=1FlrS8AuMQsSumUX8aLDQ8iX2ch2fWFMk,https://drive.google.com/open?id=17VoD8eBGg0Gvia1pk-HLTBkDzb_YvzJi,https://drive.google.com/open?id=1uwCDaeX2GPtfjIn5UltvIQze_UdfZtk0,https://drive.google.com/open?id=1C5aUneaM07ro9Uq1tPf2Xme_nW4ivQl3,Payment successful. ,Diploma in 3D Animation and Graphics,,,
5/17/2025 12:47:05,gaikwadaryan110@gmail.com,ARYAN VIJAY GAIKWAD,9321590118,Male,5/15/2007,Schedule Caste (SC),https://drive.google.com/open?id=1KJhydAzSyHy1Exg5LTXM-A33pzM1pUUh,https://drive.google.com/open?id=13zbeow73Qh0w5F_axmO0q8lvl7j-2V9u,https://drive.google.com/open?id=19Fhc8sV9UPotJvG5gAkYpC5eXcZfzCIF,https://drive.google.com/open?id=1T9rnmJZ1Eumc__GeaDHzq0T9Myg1BoYj,https://drive.google.com/open?id=10ArDcC9NlPI-k2r-zGZatc6iJZebojZV,,Diploma in 3D Animation and Graphics,,,
5/17/2025 8:57:31,01vijaygore@gmail.com,Payal Sandip Khandizod,9503837079,Female,7/12/2005,Schedule Caste (SC),https://drive.google.com/open?id=1a0DQnmY8NJY9SN4sNcLqBTBtosYRdCXK,https://drive.google.com/open?id=1GRL_VidoZ-XOSCXhtHX4ZfR1LgaVJcHf,https://drive.google.com/open?id=1b43V92gHEy71mkQBMYM5uTgXf8Xk8eNq,https://drive.google.com/open?id=1bnUDGB98IMGE-PUPAiyE8rRsB7CsP8YF,https://drive.google.com/open?id=1ClhKIGU9ih0fmemOnRU6UfoUqRGUP92A,,Diploma in 3D Animation and Graphics,,,
5/16/2025 22:12:08,pradipa0863@gmail.com,Bhumika Vinod Gurav,9028144419,Female,10/17/2007,Other Backward Classes (OBC),https://drive.google.com/open?id=1v-pnWskoTi7UlAHWWLEJnHjEvXasUKcV,https://drive.google.com/open?id=1HasMiJ8jDoz-yLOnUrC3EW-ceoqj3IwW,https://drive.google.com/open?id=1WkVo7FoNZV6ASsUFfxt7T2WVV3-UP41I,https://drive.google.com/open?id=1z9JqNrc5c_fS9H1giQ6nTe_u8EdDLcTq,https://drive.google.com/open?id=1C2f78GUipFnHZAWFX0fc_iR4TE9lMcEu,200 Payment is done ,Diploma in 3D Animation and Graphics,,,
5/16/2025 21:18:08,jhsayyed04@gmail.com,SAYYED FAIZ HUSSAIN FARID HUSSAIN,9987253592,Male,11/6/2009,General (Open),,https://drive.google.com/open?id=1-kZvgk0iFIcY3-XZDP71TXA04OdFHjzS,https://drive.google.com/open?id=1JQ5gYwlxfGiLW4UE0LNPc7rbjk0lplN5,https://drive.google.com/open?id=1H-ubJGpm9vfQkLswr_DuttCBYqQBjiDz,https://drive.google.com/open?id=1apuv8AUfINHg_loRvuqyPBAIb0ZVT8tr,Did the payment.,Diploma in Mechatronics and Robotics,,,
5/16/2025 16:26:43,animation@idemi.org,Archana Annappa Salukhe,8928691518,Female,2/8/2007,Schedule Caste (SC),https://drive.google.com/open?id=1dqNq2xYfD8q4lgqnEVBsNlXSAp83cKgR,https://drive.google.com/open?id=1UlNOvdohM4yUa7EmLFwUkdYhj8rF1jq5,https://drive.google.com/open?id=16HMVRyj09OFvpyX2ATai252nwtB9Uj3G,https://drive.google.com/open?id=1nQiWl2NDA8JApfz-IRPTQqUjySoTtPkA,https://drive.google.com/open?id=1OWUMCTtmcNcJPNFkP2fUwSIyor-rqziQ,Paid,Diploma in 3D Animation and Graphics,,,
5/16/2025 16:03:12,palekar614@gmail.com,ABHAY PRASHANT PALEKAR ,9922797709,Male,8/18/2006,General (Open),,https://drive.google.com/open?id=118J0M7lcpdUWVC2lcbdJwR8QlzEPHF_6,https://drive.google.com/open?id=1v04r4hA_HwpSi8EneMgI25RJ1cML8jOE,https://drive.google.com/open?id=1HSVY_mUcFetXNu-9HKNYurmTXIckgs4F,https://drive.google.com/open?id=1DmtzYLOIruWLMLdjsVH-QCwVeLL1p9cy,,Diploma in Tool & Die Making,,,
5/16/2025 15:40:28,pradipa0863@gmail.com,Priyal Dhiraj Nagotkar ,9167790145,Female,11/26/2005,Schedule Caste (SC),https://drive.google.com/open?id=1fulvdByKn4zxIEGbpKds98F8D2ptBuyD,https://drive.google.com/open?id=1UTY7HxxzHxy50MNMuT9CuHw9sAqOkTcp,https://drive.google.com/open?id=1Nzl5ZmP_h_qlGVeuIF-R4n6byav1Kitr,https://drive.google.com/open?id=1Gz_bFGjgDKaLVwe4UGxRKmqTADY0ujk3,https://drive.google.com/open?id=1cVEqPh5kPlb0oMXUUs8egozzXM4L-sLe,200 rupees payment is done,Diploma in 3D Animation and Graphics,,,
5/16/2025 14:04:50,prathamutekar46@gmail.com,PRATHAM GANESH UTEKAR ,9619157657,Male,6/19/2006,General (Open),,https://drive.google.com/open?id=13xVjYzShmnj332U7QbfLNzDf6aac7ezg,https://drive.google.com/open?id=1gXoDa916ijoZRWCh0vQFJMNtSNWh1kCl,https://drive.google.com/open?id=1dnvjqurGomQQeUHmnOEF7PaYj3VzOSBi,https://drive.google.com/open?id=1X5ZPInTMApD6LrgNw5P_QGglENISo7PD,,Diploma in 3D Animation and Graphics,,,
5/16/2025 13:51:24,prathamutekar46@gmail.com,PRATHAM GANESH UTEKAR ,9619157657,Male,6/19/2006,General (Open),,https://drive.google.com/open?id=1PLpi3DI4f7sysjUkSLUiXK0hljwEOH6z,https://drive.google.com/open?id=1TOM-wT64CVWN6RPBf-mHvUCUs_wL6rk6,https://drive.google.com/open?id=1vUc7sYM0q21fMeitwBEauYrCk22fE_9M,https://drive.google.com/open?id=1N7kf9nLL0bAMO-BJGuRL8i62lvkRORkQ,,Diploma in 3D Animation and Graphics,,,
5/16/2025 13:14:20,sharvilvc6a0520@gmail.com,SHARVIL VIRESH CHAVAN ,9167735214,Male,10/27/2009,Schedule Caste (SC),https://drive.google.com/open?id=15cQMS6I58CnNws7CLA45xHwCoYIeriFI,https://drive.google.com/open?id=1bSUozXH06LgWwncegia97pPWSfJ9AZkr,https://drive.google.com/open?id=1ZBVRFTLARd4IQAXv0YaGexu90C0KGfLy,https://drive.google.com/open?id=1-2v-tL8q9ZMkJTjeUMqPq8ckcbeFNmP9,https://drive.google.com/open?id=1w8JJ68Kmd6kRonqH3A0rsYtXQWR-0B20,,Diploma in Mechatronics and Robotics,,,
5/16/2025 12:11:20,omkarrayate65@gmail.com,OMKAR ABAJI RAYATE ,8652538385,Male,10/30/2005,General (Open),,https://drive.google.com/open?id=1Wy-b_f-DwyK9QLawzEetFEindHzy3WTu,https://drive.google.com/open?id=1a526t92Jn_O_4BM0LSUtYx8vom3Onndc,https://drive.google.com/open?id=1elI0D_NjoVlx2r5n9I-4e7ROWZuEDPDl,https://drive.google.com/open?id=1cTzm2HnumVZm_jGSpttRUw8ZOqCiqidX,,Diploma in Tool & Die Making,,,
5/16/2025 10:59:51,pannor1304@gmail.com,Arnav Rajesh Maygade ,7718834040,Male,8/15/2008,General (Open),,https://drive.google.com/open?id=1zYQtKO9xfdTAdFH9ry8Wnh3kFp-mtPkc,https://drive.google.com/open?id=1JQ_8ltpowqOd1Amdz3tcp-W8h9IG7hZa,https://drive.google.com/open?id=1PExut3xMZdgb6uD2w-DwzdWSO_1LsWOf,https://drive.google.com/open?id=13HU7fOSYMal3CXOsdGFBgsQdY0MZNtPt,,Diploma in Mechatronics and Robotics,,,
5/16/2025 9:09:45,aditishinde9707@gmail.com,OMKAR ASHOK SHINDE ,9821513949,Male,4/30/2010,Schedule Caste (SC),https://drive.google.com/open?id=1302mfQJb6hNWFc96osm9TFdBThBVpF21,https://drive.google.com/open?id=10eJlHozsyVFusiwACLNzZb7Apqtz4uWy,https://drive.google.com/open?id=1izOmhRLoIbw6fQ5q3wz8nUwRNpOy56yp,https://drive.google.com/open?id=14e_HgdVWmAzSjqqecaIZ4aFwPrITYok5,https://drive.google.com/open?id=1OU_RnDLX_-LtGMb_WUNkxS5gyFYslRMf,Done ,Diploma in Tool & Die Making,,,
5/16/2025 1:01:10,dshadal2010@gmail.com,Tanmay Dilip Hadal ,9967912858,Male,3/7/2007,Schedule Tribe (ST),https://drive.google.com/open?id=1D0qMOZzrBuODUtD07whtY5xtbnTEfVe7,https://drive.google.com/open?id=1SMKeddpfvNYOwTHOFZMwqfQi4VYeTnxO,https://drive.google.com/open?id=1MY4zlqGYwX1VwJYj46ebkdGbHDAWEfhQ,https://drive.google.com/open?id=1UwMCinRSxRd02nrKbk11jx9rwqzXPw1U,https://drive.google.com/open?id=1TTX7LqLzWfMdVtqQ-22ZfPWu0q8rTeQY,,Diploma in Mechatronics and Robotics,,,
5/15/2025 23:43:10,vighneshgogawle@gmail.com,VIGHNESH VISHNU GOGAWALE ,7738778317,Male,5/17/2004,General (Open),,https://drive.google.com/open?id=1vlxc1WAt5foMni1iQ9qHczfTWKfiIxUT,https://drive.google.com/open?id=1lLXmY3flibbx_dD4aDmkLckKjzm-2dn9,https://drive.google.com/open?id=18OrNjalWm-YPu5-ivvRP5xHlEOtGlEd1,https://drive.google.com/open?id=1v9ZFxW5CHWqm-v4zGrF2etGthCjvBTx-,,Diploma in 3D Animation and Graphics,,,
5/15/2025 21:45:10,digambarrajapkar5@gmail.com,Digambar suresh Rajapkar ,9763361754,Male,11/15/2005,Other Backward Classes (OBC),https://drive.google.com/open?id=1_1KA-SG13aQwXCmVgfmW2wxDdhaQe0nT,https://drive.google.com/open?id=1dvihjSK5_BVAXpf0vBaQhB9SSTgBhhSh,https://drive.google.com/open?id=16lLe3Uf7MQVt4qBh5VI1F4Z-YtgQfSAI,https://drive.google.com/open?id=1fT4Qi7wBmM7PXYluVqZ_18aUkFyUy9x9,https://drive.google.com/open?id=1iMVAwMcpNZyi_3DmcKhsnJqqWTkd5o0Q,,Diploma in 3D Animation and Graphics,,,
5/15/2025 21:27:00,aamanjswr@gmail.com,Aaman Ramesh Jaiswar ,9930599252,Male,5/10/2007,Schedule Caste (SC),https://drive.google.com/open?id=1olwSX954qdPLG9NEAYB_K_mr2YxerEjG,https://drive.google.com/open?id=1xbucg55mgIV7Cv_jeZwHlTfSgJr2HTyg,https://drive.google.com/open?id=1EclyfAXYuKfLjk9WBzF4Kd2puJeSkGZD,https://drive.google.com/open?id=1IWFXQAH_yKYhxZap_odAx0dnDl3UCtmQ,https://drive.google.com/open?id=1JQTIopXXz2gkD2XB4LWVU1vNNC_TzKVX,,Diploma in 3D Animation and Graphics,,,
5/15/2025 21:19:56,ravindrapadmukh581@gmail.com,RAVINDRA AMBADAS PADMUKH ,7738122098,Male,11/6/2004,Schedule Caste (SC),https://drive.google.com/open?id=1KUl1-PSV-V3vCpFENgtDbFghzJPoIhdz,https://drive.google.com/open?id=1IZUXcqd6w3KgRJiNCCtMxN8Gn82uJp_a,https://drive.google.com/open?id=11ZLXspppHBjWqXmkMpXJ-IVQNEgUeMMe,,https://drive.google.com/open?id=1xwBbI8a98B84Cgp1DW7CdpH6s2_mPmKK,,Diploma in 3D Animation and Graphics,,,
5/15/2025 16:54:52,siddharthkarande40@gmail.com,SIDDHARTH KARANDE,8108854268,Male,2/6/2006,Schedule Caste (SC),https://drive.google.com/open?id=1JvlSLIyJfrbipzwxxBfm6FzFUiAaDuT2,https://drive.google.com/open?id=19hcOaeI8j7dkRmaPxLCvV57K9E6iqimW,https://drive.google.com/open?id=1qM2GxC-j2L4gT0m-3oMBJALUT5Dlv1Wu,https://drive.google.com/open?id=1Z6BXuL-2vJXDg7WEAAjbSRZYLkF9ZkS0,https://drive.google.com/open?id=1LcUPcXuV7358qQRJtykylqOCjOapk1HN,₹200 paid,Diploma in 3D Animation and Graphics,,,
5/15/2025 16:40:22,vatsal.me44@tpoly.in,SHIKHA SHRIDEO PAL ,9967207584,Female,3/24/2009,General (Open),,https://drive.google.com/open?id=13Fg-Cge3CZmL-Dwsdl5WrEZxoCNNYeeZ,https://drive.google.com/open?id=1X_Ax-nz4_UOuhHnx4yspg1OY_MlxElzJ,https://drive.google.com/open?id=18swBy9SqxOukY6SGt-DIEenwICMrg-Qa,https://drive.google.com/open?id=1a9YtC1Y5beaRPmiQzzQ2rKcL5zFUtbgQ,,Diploma in Tool & Die Making,,,
5/15/2025 16:31:34,thoratr25@gmail.com,Adwait Ravindra Thorat,9819873060,Male,3/26/2008,Schedule Caste (SC),https://drive.google.com/open?id=16lQwzeagLfzsONSq-GY5x-zs1TUuYfGB,https://drive.google.com/open?id=1ZTSbWv4Go6U5LPIK-ZMw0u6hWJZEANoz,https://drive.google.com/open?id=1pwx31C9g9ZhNguRahhlC3ac3bm0iR2Dn,https://drive.google.com/open?id=1yiVLrw-TPYOMrOY02NnL1-YflNR83dn-,https://drive.google.com/open?id=13Ocrw48cDA0nQxnd5s5OnvJmz6ayoSLW,All Ready Paid,Diploma in 3D Animation and Graphics,,,
5/15/2025 16:16:51,salonijamsutkar@gmail.com,SALONI SAGAR JAMSUTKAR ,8591130114,Female,1/3/2007,Schedule Caste (SC),https://drive.google.com/open?id=1f7IqW6O4Zh99DjUc1DxwYurplcfF69fE,https://drive.google.com/open?id=1IuXWXYpUG1IsIc3DLtuESyGvkvVbZRjs,https://drive.google.com/open?id=17-s_HrrKcBCzgRmaYBxXM24IQe3r6vK9,https://drive.google.com/open?id=1DsYsBu1pTgeLq0n93T4R4iJZOhH8wPyL,https://drive.google.com/open?id=1Bdwrf7k1V_Cd3UsQkmwx2rJXxaGRV7PK,,Diploma in 3D Animation and Graphics,,,
5/15/2025 15:37:53,nilkantha.gawade@gmail.com,Lakshya Nilkantha Gawade,9833792713,Male,8/5/2007,General (Open),,https://drive.google.com/open?id=1l6iihv8hMBCBfoVA33reV63rhuOQtwaU,https://drive.google.com/open?id=1FEmdN4ekyUSlV6zHoNeZQ2_R4GDQ6PJF,https://drive.google.com/open?id=1DdXi__8KJ1y12k8HEnTXaIHUpEZ08f1o,https://drive.google.com/open?id=1tihSSegD_jyLvH8vjv8dfsICBuWXUhfV,,Diploma in 3D Animation and Graphics,,,
5/15/2026 17:35:58,siddhantjadhav48575@gmail.com,SIDDHANT ANKUSH JADHAV,8104751512,Male,7/8/2011,Schedule Caste (SC),https://drive.google.com/open?id=1Vu1Rmtjf_BmvTiBRCzvm5t8FtDUtY26F,https://drive.google.com/open?id=1_gvUfLV-bb3YSGZOOQIu3_pOQqXwnaao,https://drive.google.com/open?id=1Xa4NaHTJssUFSa0LJhtgUpjI6SI_jWgL,https://drive.google.com/open?id=1LoR3YYUi6c0ZO1R-bGctyTlc4KPn_swY,https://drive.google.com/open?id=1aO_uSHmMpmIGPprox08B5O1nvGAYlQiY,,Diploma in Tool & Die Making,,,
5/15/2026 17:36:17,siddhantjadhav48575@gmail.com,SIDDHANT ANKUSH JADHAV,8104751512,Male,7/8/2011,Schedule Caste (SC),https://drive.google.com/open?id=19-r4vYYmM9JSGWpCWhzy5wMhOcTHNsZ9,https://drive.google.com/open?id=1E9A_oL3UmSR0bTAnMECNry0LRsN7W6M-,https://drive.google.com/open?id=1vuPrUOBZQRX4eZ01IPJTdU8XB81BbVqZ,https://drive.google.com/open?id=1R6W6M9sMq-4wNPq9M1a2thcGhl5Zqhdb,https://drive.google.com/open?id=1e_XVlxC7H0A99r_6l_utREoYpH_776dF,,Diploma in Tool & Die Making,,,
5/15/2026 22:41:17,arnavtakalkar7@gmail.com,ARNAV SUDHAKAR TAKALKAR,9324976538,Male,5/24/2006,General (Open),,https://drive.google.com/open?id=1_7TJvzsU-jXbHv7njc8pLLJR3EgWIHgd,https://drive.google.com/open?id=10MA2w6-nlrZE9lBRfjsMTavCHT-NWPB_,https://drive.google.com/open?id=1qkbYVGbDlZI90tkHKFA8s4FfeHIammDP,https://drive.google.com/open?id=13nVu8xSkMhxfFAauIEo7V-MQaYJGLsXv,Applying for 2 year,Diploma in Mechatronics and Robotics,,,
5/16/2026 15:50:10,manishaahire1310@gmail.com,BHOOMI NILESH AHIRE,91366 63369 ,Female,10/13/2008,Schedule Caste (SC),https://drive.google.com/open?id=1E0zvTeyPyWYZEopChqd1YNzdJdop7Mt7,https://drive.google.com/open?id=1WW_WYNVpsKQsc5p5HHdQcjNwynizhc9z,https://drive.google.com/open?id=1is9y2W4Jke0Y1ySPuhowPUeT2nRtwrwa,https://drive.google.com/open?id=1594R2i1HJT6JgViQQi_pRieXvQffwS04,https://drive.google.com/open?id=1prGDF6Xqr5CVAw0AOXZkqdOu-gVdsxeK,,Diploma in 3D Animation and Graphics,,,
5/16/2026 15:54:08,deekshaahire.1310@gmail.com,Deeksha Nilesh Ahire ,7400325369,Female,10/13/2008,Schedule Caste (SC),https://drive.google.com/open?id=1hRLewZMc_oncNca7JjxCW3KpzFkMewK6,https://drive.google.com/open?id=1QjXnWOr7W_HfRX9Vj3lH2ZqZKsTgXeOv,https://drive.google.com/open?id=1Vvbofzbe9Edykx_Afz_f3tZWOt5J3LiU,https://drive.google.com/open?id=1kI1IW_2G1-dfOF00H0Mefg1Z1yRX-5t8,https://drive.google.com/open?id=1_b1wvsuB3c35tNxG-WhY5BvdDr1I2gyW,,Diploma in 3D Animation and Graphics,,,
5/16/2026 21:08:56,tanu.shinde1270@gmail.com,TANMAY AJAY SHINDE,9892393501,Male,7/22/2008,Schedule Caste (SC),https://drive.google.com/open?id=1CvF7xpwN-hmOi272147EjjIC8thFGrJS,https://drive.google.com/open?id=1WDhPJeUJIK6yJaw-lupPr7IHgFCPsF-S,https://drive.google.com/open?id=1EuZ4GL6PlK_CRiuqmjBIBdxg_5mLgRpV,https://drive.google.com/open?id=1HliaOIPAzvVovF5GWs10r0LCvJsADtF6,https://drive.google.com/open?id=1VsMh-IyUBClz1JxWZmbMXrAnOgAYnN-Y,,Diploma in 3D Animation and Graphics,,,
5/17/2026 21:09:45,adityajare23@gmail.com,ADITYA SANDIP JARE,8779684955,Male,11/22/2010,General (Open),,https://drive.google.com/open?id=1wxmUtaJVTnRhv83RdFDkw8SvsSgJEjUl,https://drive.google.com/open?id=1EXz9bGD3_fJ0GwZsHD5FqsSQJhDibzvD,https://drive.google.com/open?id=1w3HLHsf1geMGNYVYWq7MmuK-YuC17GKq,https://drive.google.com/open?id=16dM7K892_YJnLBmgK8B0O5wOWcnMkT78,payment done UPI transaction ID  123294782064 ,Diploma in Mechatronics and Robotics,,,
5/18/2026 10:39:59,chaudhariramchandra36@gmail.com,PRATHAMESH RAMCHANDRA CHAUDHARI ,8308759256,Male,9/18/2010,Other Backward Classes (OBC),https://drive.google.com/open?id=1Ze3Nb40_psTp0BRcgwAn83gsU084OpUc,https://drive.google.com/open?id=1G2DAFdF0xG78eJw7zZKMAmAySW7ZsUf4,https://drive.google.com/open?id=1hsNEhyOkxgtmHGuoa08w7_f6A2lIEbaR,https://drive.google.com/open?id=1h7gPw_JoduYiqN5-jvlh4E7WAg4T7gtt,https://drive.google.com/open?id=18ctHr-VgVkys3zX0nLqDA7AG75yFC6Jb,,Diploma in Mechatronics and Robotics,,,
5/18/2026 12:29:33,janvid6684@gmail.com,RUSHABH DEEPAK PAWAR,9137407435,Male,2/23/2010,Schedule Caste (SC),https://drive.google.com/open?id=1NW3I17ZHwhF_I2897Koyn9P4zP7D8UWd,https://drive.google.com/open?id=1DRdbvktyCE7jbOQMJyPYPL9GbfvNfYJn,https://drive.google.com/open?id=1JTnJzqfQEjDqUz1EuAvs61Plwh5MYAB_,https://drive.google.com/open?id=1Uwd9jrDzcX1Tq8M8A8NuN6NYR1VznrBm,https://drive.google.com/open?id=1Hfp5elRwFlEh-FTnEY3aAjSO2xhkMELP,,Diploma in 3D Animation and Graphics,,,
5/18/2026 13:57:39,bhoomikark0411@gmail.com,SWAYAM RUSHIKESH KULKARNI,7559201667,Male,12/27/2008,General (Open),,https://drive.google.com/open?id=1rHrusVT-Zm4daxHbZfVhaa9VuH4CcDYR,https://drive.google.com/open?id=1wJeTpwi2iLyJz5lfH2ojoJkzTfbOEtio,,https://drive.google.com/open?id=1LP4cE4BjhfSXfeoTKGnScqm3q9zkasOE,,Diploma in 3D Animation and Graphics,,,
5/18/2026 22:06:00,archanakusakiya@gmail.com,ARCHANA RAMESH KUSAKIYA,8850305329,Female,4/18/2007,Other Backward Classes (OBC),https://drive.google.com/open?id=1i3T1jDAhGqJT3ddbKP8dqIIGiwjyMgIu,https://drive.google.com/open?id=1TRbi6YIjGmV6zXLF20lRPoJkbmVN8yLu,https://drive.google.com/open?id=1AQm8v1iohS9kAyB3QcLvmZYbh9FEnA6M,https://drive.google.com/open?id=1CHkHf5pWCY41VL9YwPI9PVOxPaQwNFRg,https://drive.google.com/open?id=182uS57AtEtUJZlqbOkSilGx3uR6w8-bp,,Diploma in 3D Animation and Graphics,,,
5/19/2026 9:25:37,vikramraj00777@gmail.com,Vrinda vikram sonawane ,7208910873,Female,8/12/2010,Schedule Caste (SC),https://drive.google.com/open?id=1HRzxrn6OAlZQIqHNDLoAsI8FkZs3JM8Q,https://drive.google.com/open?id=1vP8w5oF1W1aJL6dWo6_-eopNrCFRQkeo,https://drive.google.com/open?id=1UCpbup8y2UsDKtgxm91D2B2r2Xmx4jW6,https://drive.google.com/open?id=1S1m70bulDHO2lHzTbWG4aUfANXCqFxJ_,https://drive.google.com/open?id=1JnDMRWXPceQSVc0-z46nzf7XlUNda6tJ,,Diploma in 3D Animation and Graphics,,,
5/19/2026 15:48:33,devregroups@gmail.com,Devre Prashansa Sandeep,9022299252,Female,10/26/2008,Schedule Caste (SC),https://drive.google.com/open?id=1Z60w3OZwEQojTpfexdX9zdqM4B24tPIt,https://drive.google.com/open?id=1eg_1tP0GeW4IicfGNpHa1Vyye_3DgOkP,https://drive.google.com/open?id=1RIKkhBUPRVWiXYL5voDT6aXCSETTy_RA,https://drive.google.com/open?id=1zxdgl_7aw6i-jL8kPe-3Sn11vfvwaw5g,https://drive.google.com/open?id=1JU-r1qoSLyDVl3AGcauOnqEiYUyAvV47,,Diploma in 3D Animation and Graphics,,,
5/19/2026 15:59:45,tiyadiya1234@gmail.com,HASHINEE ASHOK PAWAR,9820247098,Female,3/25/2010,Schedule Caste (SC),https://drive.google.com/open?id=1pD3J3GctMKBzKdFHoCgQkSRov_0OJOIm,https://drive.google.com/open?id=1W_ow-SsGsNz_LmlEwW6L-YfySXIoynpS,https://drive.google.com/open?id=1zOBKHWVrYGoVEPF8oeI8y9fQfRskP3Al,https://drive.google.com/open?id=18igJSJx8Vf0ZvihpF9tL8BMlsuLo4meH,https://drive.google.com/open?id=1pLD8STjWCFPCpVRfVCuASuoRS3-0epa8,,Diploma in Tool & Die Making,,,
5/19/2026 21:28:59,vinodkumarvinayagam083@gmail.com,VIHAAN VINOD KUMAR,9082149894,Male,9/13/2010,Schedule Caste (SC),https://drive.google.com/open?id=1-rKSyXK_bmYuoWQZWXYLzYOA5wSeeGDs,https://drive.google.com/open?id=10F1MFu3l6KwqsRsfybH806g-XyHXt8-y,https://drive.google.com/open?id=1jVWRlDCtq7lMGgz7sZXx3CTwF69wsjQ0,https://drive.google.com/open?id=199nUGzhtvOLtTxIcxw9GLQN8inAExII3,https://drive.google.com/open?id=1MM9lyrVGbtSn-l0jRPI6cXG2kj2W30Rn,,Diploma in Mechatronics and Robotics,,,
5/20/2026 10:08:27,aayushsurve25@gmail.com,Aayush Samir Surve,9869787569,Male,9/25/2010,General (Open),,https://drive.google.com/open?id=1bF_KD-7Qoo8oraX4l23kS2s95wmyScad,https://drive.google.com/open?id=1SvlxXkgyyKZJx8ATBkPyi5H08klqblUg,https://drive.google.com/open?id=1AOC6Bc4JSlPVDM1LP9A0PbKSlYmstVxu,https://drive.google.com/open?id=1VBhYuNUwkqvPyROcblZx1WLyl5z2laUS,,Diploma in Mechatronics and Robotics,,,
5/20/2026 12:53:56,aruna.adi.bhabhda@gmail.com,ARUNA ADITYAMOHAN BHABHDA,8830421645,Female,10/29/1985,General (Open),,https://drive.google.com/open?id=1SKu_N8-srvOROMLpwChex_KIY_T9r_Rr,https://drive.google.com/open?id=1FqfGpZAKsSu4dxZq8dKmTGBcQF6BRo56,https://drive.google.com/open?id=16JYSxByp-Bd8SPJwpntyW9NNTW_S98-P,https://drive.google.com/open?id=1mJES8PnGWMPY9aHkuW-IDqOH2E6t9Y9B,,Diploma in Mechatronics and Robotics,,,
5/20/2026 15:49:17,shravanimanjrekar784@gmail.com,Sumukh Ganesh Manjrekar ,8452069174,Male,9/29/2010,Other Backward Classes (OBC),https://drive.google.com/open?id=1-E6FOme4bSvsTzJ4PavIhA43Od1gDYtx,https://drive.google.com/open?id=1i97rkq7-BNgW0JeTj7val8Wx9ZjfMwJC,https://drive.google.com/open?id=1aHMlM3tCagHoEVH7kOf5S9qM-Mnc4xHD,https://drive.google.com/open?id=1NPngQW-axwlJv7GCDUqPbROHnsMYd89m,https://drive.google.com/open?id=1BXRTtlB8NQV333ORrDv3zZGxhULQIioL,,Diploma in 3D Animation and Graphics,,,
5/20/2026 19:43:45,tiyadiya1234@gmail.com,HARSHINEE ASHOK PAWAR,9820247098,Female,3/25/2010,Schedule Caste (SC),https://drive.google.com/open?id=18Iwu9osy5tDJE46s7AzpnzQH7kkyv1oX,https://drive.google.com/open?id=1mQghKvpjADW3fsVshUUYIXf7DgPY22TL,https://drive.google.com/open?id=1KceAaT7IZVbCYNtoN652g-6beljLlWEg,https://drive.google.com/open?id=1sHmqrcrXdjeTTGvf-W8I2rblf6fIpz9h,https://drive.google.com/open?id=16vZIbAqf_8qmqKoTm-dENykkc6cbKcxs,,Diploma in Mechatronics and Robotics,,,
5/20/2026 21:20:08,sakshidere184@gmail.com,AYUSH ATMARAM DERE ,8169518257,Male,7/21/2010,Other Backward Classes (OBC),https://drive.google.com/open?id=1P_q3Gt60RzCVbkQmRm9_U0NFMCYahxdq,https://drive.google.com/open?id=122D7JwZVXolPMLChS1fqAa9J_wUre7XX,https://drive.google.com/open?id=1fuZNqsLMvbw1BE3Gdr6KuD8-FKRqH2Bi,https://drive.google.com/open?id=1EaWKGoOJ7dvc5IdCwqIuLFjRvDc4vO7Z,https://drive.google.com/open?id=11EUCKAoHMY1tLcWQxXNwJ0inoDruPB-U,Done,Diploma in Mechatronics and Robotics,,,
5/21/2026 13:01:04,omsankpal.official@gmail.com,Vedant Kishor Holmukhe,9699561546,Male,12/11/2010,Schedule Caste (SC),https://drive.google.com/open?id=1dB3dG3olsvY79qWLgsDYtgRtjS6kBAl9,https://drive.google.com/open?id=1A3ymdbJmwFaDsJyReocnFmO1mnYtLftP,https://drive.google.com/open?id=11G_B4wIf4X9xxuT-WvgJEbZEqZmmSxBS,https://drive.google.com/open?id=1_UDT4bQHemmxvbVHjOMXLqFT4HQW-HBU,https://drive.google.com/open?id=125DIk44m1fBZYUc6c0tlCk6IclBnW35R,Scanned UPI Payment - I paid IDEMI on Razorpay Payment Pages. Check it out. https://pages.razorpay.com/pl_FCgdh0OW9UvBrC/view,Diploma in 3D Animation and Graphics,,,
5/21/2026 19:45:15,chandnipandit37@gmail.com,VAISHNAVI TUSHAR PANDIT ,8552965155,Female,3/9/2011,Schedule Caste (SC),https://drive.google.com/open?id=16QyeTkDWT5dK67LnHiZljB7ighutXkEb,https://drive.google.com/open?id=1wyyHqh00w0qdRthaWpvSzKqO_xBm-jW-,https://drive.google.com/open?id=1s9fwoNjh8Ypb92CNvNvlWlIZJsgqeKFi,https://drive.google.com/open?id=1nu928rp-VxCLaYa43nGOhfXy7cyDEytb,https://drive.google.com/open?id=1NYn2GIJB3c6t5bl4MPLjnqpqmJOCtwkd,,Diploma in 3D Animation and Graphics,,,
5/22/2026 11:32:01,chinmayteli1128@gmail.com,CHINMAY DAYANAND TELI ,7588017617,Male,11/11/2008,Other Backward Classes (OBC),https://drive.google.com/open?id=1nBtU-9vFpktT7DxOhLoVczXFJkjX474h,https://drive.google.com/open?id=1X_AnWvCZl-qUiHQfeuBWI3x_nTOwq8rz,https://drive.google.com/open?id=18L90nVrtGjefhxLtczN_JdYiYVlSshWu,https://drive.google.com/open?id=18xOLoPBZt9Iypu2wguDgTzezvDssfFo8,https://drive.google.com/open?id=1zeyQrJk1aFZIzzN9Um9CcjM6oZNfSXYJ,,Diploma in 3D Animation and Graphics,,,
5/26/2026 10:51:13,kamblipr01@gmail.com,YASH RAKESH KAMBLI,9172333160,Male,10/25/2006,General (Open),,https://drive.google.com/open?id=1lewScrYaKYfcCPVlOSTl0EJLk-6QbA9j,https://drive.google.com/open?id=18SRw60LIuEPnlLZ1saktsf7nE5-CLqT0,https://drive.google.com/open?id=17LtxC6vGd2zMhsoJh2vgEeEVuegVpbQs,https://drive.google.com/open?id=1fb4WvQSkHGYZbva826cf6N62aR5ep_eD,,Diploma in 3D Animation and Graphics,,,
5/26/2026 17:17:11,guravdilip224@gmail.com,VEDANT DILIP GURAV ,9029502693,Male,11/20/2010,Other Backward Classes (OBC),https://drive.google.com/open?id=1xfa132KLODt6Y7yhBBeAzLZT8asH-WET,https://drive.google.com/open?id=15ovqZNCMyb5bnpfs6rTB96s1JcgYoArg,https://drive.google.com/open?id=11eSifXuYYruW3ZzaI0yAiWMrlML9jJh1,https://drive.google.com/open?id=1skk8qclnZlEccI6UjvvoTgvRBRlAvD2h,https://drive.google.com/open?id=1qlfcrWlHBVZDZctZXuTww8STJS5JhpNx,,Diploma in 3D Animation and Graphics,,,
5/27/2026 19:10:07,vaishalinazre97@gmail.com,Tejas Nazre ,7208713754,Male,6/1/2008,General (Open),,https://drive.google.com/open?id=1d9WDfvCfV1VfDRx4iegijFafPZVma3oa,https://drive.google.com/open?id=1lm_i4RTanhAC7GY2nTOFmbqMCOtSGO8S,https://drive.google.com/open?id=1qJJt2EKBC8j6YeO7EeHS0F3S9dQcT4c4,https://drive.google.com/open?id=1JvTv865DGlEhBoy6icR7VbXktd22g4Qc,Paid,Diploma in 3D Animation and Graphics,,,
5/28/2026 12:09:44,palgauravkumar937@gmail.com,Gaurav Manoj pal,9920290432,Male,10/3/2003,General (Open),,https://drive.google.com/open?id=1nNxA1hEi-PPpGG6s5rHUGWthLU81pC51,https://drive.google.com/open?id=1q9hm_3qgpVlPt5nyTw-HGN1WBrX8vYF_,https://drive.google.com/open?id=18c3q02aVghUGXYvQvCbUnRYLbMwIy1lt,https://drive.google.com/open?id=14pUNsaGeGLdeslBEHtQH8I2nS0ORv2_G,,Diploma in Tool & Die Making,,,
5/28/2026 18:20:00,yashunatkar@gmail.com,YASHSHREE ANAND NATKAR,9356359389,Female,1/2/2009,Schedule Caste (SC),https://drive.google.com/open?id=10Zq52zcHqK7WqsLJ91e1q5o3d5FufJCH,https://drive.google.com/open?id=1ZFV_1xWkMbofKIXKBzYlEGjnVeFZPSsk,https://drive.google.com/open?id=1S5j4r2hy4WGK65q1beFTp6AC0kRTHaHP,https://drive.google.com/open?id=1b5ATedOBxPzmWPGQLkc8BjQY6ysjdTLJ,https://drive.google.com/open?id=1NnTDMCmSrtHJj_YLBMMzlokMLmjYLYN_,,Diploma in 3D Animation and Graphics,,,
5/28/2026 20:36:47,bswami.barc@gmail.com,HARSH BOLLABATHINI,9975656422,Male,9/11/2010,General (Open),,https://drive.google.com/open?id=1KK26tIURIDlLPXuoDWxeQPVh3Uj9Y8WU,https://drive.google.com/open?id=124WjO0FRkcox4jGP3zoFo1Y_bFy9UttU,https://drive.google.com/open?id=1sobd70AzaY831CL7BI_CSaUPwzyB6weN,https://drive.google.com/open?id=1XSuzVM1k3ZS7yicU9iu-y_2DMnUXyK_k,"AMOUNT PAID, UTR: 165154203923",Diploma in 3D Animation and Graphics,,,
5/28/2026 20:42:45,bswami.barc@gmail.com,HARSH BOLLABATHINI,9975656422,Male,9/11/2010,General (Open),,https://drive.google.com/open?id=1l7ebEHtf8ASl-B1g9EKNJE_-pbVmEdCM,https://drive.google.com/open?id=138lvIVbi2z_zWS1uQp1iK1IV4Bqvp7nr,https://drive.google.com/open?id=1ikz1anrPNPiVNqQ-5lCYK84ik07uporO,https://drive.google.com/open?id=1ch4lhGp_qEiQ8tF723j1z-W5YKkyIaIU,Amount Paid,Diploma in 3D Animation and Graphics,,,
5/29/2026 9:44:22,vilastambe23254@gmail.com,Samyak tambe,8850688308,Male,6/29/2010,Schedule Caste (SC),https://drive.google.com/open?id=1wDwNU6JJEddYZMnleCm1q7BHF7wSQ_M1,https://drive.google.com/open?id=1jftc27LNwsKN9ACrBrpc2JnyyTHNZTCM,https://drive.google.com/open?id=19P9K69fATxPynMuH8yVv_cWLFMCfPT0V,https://drive.google.com/open?id=1Hsk53VE3CQX1ghvdABMg2OdG8lD53Lbe,https://drive.google.com/open?id=1h2BC0PTeUTViDZgbh1xf6EST9DvyDlJ4,,Diploma in Mechatronics and Robotics,,,
5/29/2026 12:30:15,iiidpf@gmail.com,AVINASH LINGAPPA POOJARI ,8097257542,Male,11/16/2010,General (Open),,https://drive.google.com/open?id=1sWbn1M5lxJ0iFHlWvGbXu8GwwlXPPk3T,https://drive.google.com/open?id=1lnpQLLKYUdWjpmBRQA7XRiUO71-f7PCf,https://drive.google.com/open?id=1VmrwyCLqJxJl_MqSlLgh-ofeAmeHqOfN,https://drive.google.com/open?id=1bn1lpQRmngRuhJ7zWTxVFONOijub6Yo4,Paid,Diploma in 3D Animation and Graphics,,,
5/29/2026 16:57:04,8506.lodh.ayush.svhs@gmail.com,AYUSH SANTOSH LODH ,7738376835,Male,10/19/2008,Other Backward Classes (OBC),https://drive.google.com/open?id=14eBENqhoGXx9Aml0Q0zvyEr4s4zbY6EJ,https://drive.google.com/open?id=1Ni_Rdjx7PX6XTBq3vi0rE0HKXqnGId58,https://drive.google.com/open?id=1kEqCAJsPvyTdtx61wuKgzNydh3Rlo_rh,https://drive.google.com/open?id=1o-okOyoypCtOl231hu0B4mhZZO3eONPI,https://drive.google.com/open?id=1Yd-cPDO6OKOl5ek8kPYzTC9FRTu49Kyu,,Diploma in 3D Animation and Graphics,,,
5/29/2026 17:01:46,8506.lodh.ayush.svhs@gmail.com,AYUSH SANTOSH LODH ,7738376835,Male,10/19/2008,Other Backward Classes (OBC),https://drive.google.com/open?id=18UescgiMbKKiOutNsChQ-CZn4wl3PJCF,https://drive.google.com/open?id=1D14pVasaqpoHaU_WbL3T1cbf84yYeQCu,https://drive.google.com/open?id=19a9Y1tfBWjkhD8BVZN8Pdr0DcPUVKg2c,https://drive.google.com/open?id=1GUEBOv7h8AKOe27DZ9lSunyfAf7t-dG4,https://drive.google.com/open?id=1k191UFr_FODe3xPTgquexaJ3YBI82mBa,Yes  I have done ,Diploma in 3D Animation and Graphics,,,
5/30/2026 0:03:20,venkateshnaik7515@gmail.com,NAIK ADHASH VENKATESH ,8080755767,Male,6/17/2010,Schedule Tribe (ST),https://drive.google.com/open?id=1R3MmI51GJ11_koln-QDUBKcZFl2PgLKA,https://drive.google.com/open?id=1McHVAfV5Xf4IwqG86gJ-rjyq3Asm9aZy,https://drive.google.com/open?id=1VDWu4HGmVrF4C_yUCy9QkuxLsfZlmVT3,https://drive.google.com/open?id=1QYvj6N-wwh-KjCRlAG3s39tEOl8S2Sjl,https://drive.google.com/open?id=1DcmlYJXxFJupT4-l4WBP_LGS_sMl_30y,,Diploma in Mechatronics and Robotics,,,
5/30/2026 7:52:19,venkateshnaik7515@gmail.com,NAIK ADHASH VENKATESH ,8080755767,Male,6/17/2010,Schedule Tribe (ST),https://drive.google.com/open?id=1jQQU-UoVrhmMzupxTuDZfuh9cWWderdu,https://drive.google.com/open?id=1GOHR7UGfwCsL44CaWydOz6mAU_Yju2EI,https://drive.google.com/open?id=1lOxpFEaY6-O0-E1ZfZKvi6GEHlHVcqvq,https://drive.google.com/open?id=15vTpfzYEV0UpReBTKImuCE1HqUT3BWHp,https://drive.google.com/open?id=1fBnMF7OnKoQbmrlQhhf3kQDOnP_wHBuc,,Diploma in Mechatronics and Robotics,,,
5/30/2026 12:57:39,kavitagholap1987@gmail.com,SIDDHESH ARUN GHOLAP,7506285570,Male,5/28/2008,Other Backward Classes (OBC),https://drive.google.com/open?id=1EgQjYKHWqOPV86GcJnkpmqDv5V5qpiYh,https://drive.google.com/open?id=1D1wid2Fida9kek1dI5KGQi_TCk4B8ySa,https://drive.google.com/open?id=14ExGL-G6rybQDvVtOVx44koecj0OS-kD,https://drive.google.com/open?id=18fy2PZxhPg5gGsGfx-iLIHrrFJrkJ6AO,https://drive.google.com/open?id=1dS_kUQpm9gFoStAmufY9M4n4x0Z5piQZ,,Diploma in 3D Animation and Graphics,,,
5/30/2026 20:28:34,ansarifaheem2063@gmail.com,Mohd Faheem Mohd Waseem Ansari,8108420241,Male,6/3/2009,General (Open),,https://drive.google.com/open?id=1OKzPX3K8MQM4flGf4vPE1VMHkWpRKS_X,https://drive.google.com/open?id=1Sh843qQm7MO21b_A-FNsbGxVGHKzbhNJ,,https://drive.google.com/open?id=1mZcjlxjuqHqO2WNdDHvL09afK7Qm_2Vg,,Diploma in Mechatronics and Robotics,,,
5/31/2026 12:15:13,1631ayushisvjc@gmail.com,AYUSHI ASHOK PRAJAPATI,7021584354,Female,8/15/2005,General (Open),,https://drive.google.com/open?id=1SPJtythchv-tAC1hDG_fx_HMhxPi89VX,https://drive.google.com/open?id=13rN0VPiREtjF8rK8eHfvLf3f8W6AsWOW,https://drive.google.com/open?id=1f4zzpv8GTvwz-uSJn1NMMaXOPk7FEMAP,https://drive.google.com/open?id=1rPr0z4J_MqTJrfQLjzrqTNUA2GkrLhdn,,Diploma in 3D Animation and Graphics,,,
6/1/2026 14:31:56,guywescort@gmail.com,KSHITIJ SHRIKRISHNA SHINDE ,7400282860,Male,8/16/2010,Schedule Caste (SC),https://drive.google.com/open?id=189kTplheuiZw33KawM2WjAT1y5PIiw7y,https://drive.google.com/open?id=1zSYXdAHlVsilBqdCMKmoF7MW-zh5l8OL,https://drive.google.com/open?id=1pndKQoEEQ6pWwE_5haCNxY80brx5y5h2,https://drive.google.com/open?id=1EgVLLbmUQ02XuSI6Tw3CqVWDu2iD-Cs6,https://drive.google.com/open?id=1kHSHl-YtG442lFkK5ZRtvtHTpdo5EEqb,,Diploma in Mechatronics and Robotics,,,
6/1/2026 18:14:00,sadabsaikh1210@gmail.com,ABU KASIM ISRAR AHMED SHAIKH,7208746835,Male,10/12/2010,General (Open),,https://drive.google.com/open?id=1wNrne89zyQCbkQ_ia6JXg51nWuOV-mnI,https://drive.google.com/open?id=1c3eVM4YJR27f-QWjMQlo1wm8IGiGmStC,https://drive.google.com/open?id=1tKTcwb5Apac3p8KQEZ5QwxtOwaO59LVt,https://drive.google.com/open?id=1t5nTumSd5hHdwNekAPK1qDJ2ge127FH4,,Diploma in Mechatronics and Robotics,,,
6/1/2026 20:53:55,vaibhavdalvi258@gmail.com,VAIBHAV KISHOR DALVI,8291759789,Male,2/16/2009,General (Open),,https://drive.google.com/open?id=1fMdpc9oxItkgs9qVfJQXGZNc7V4yQs8J,https://drive.google.com/open?id=1oLTpzPUyMPbrXblMiWBNvFi0zZZ76pG5,https://drive.google.com/open?id=1kY2JE57QfqrQorL8KrmjNLjpZl_mEZwU,https://drive.google.com/open?id=1dJItdVzcvC8uahBZQ0JGza-yklRsb0Gy,,Diploma in 3D Animation and Graphics,,,
6/2/2026 10:23:21,sureshgupat337@gmail.com,SURAJ GUPTA ,9321560886,Male,7/3/2008,Other Backward Classes (OBC),https://drive.google.com/open?id=1lpQyfc0HZX65RibW5-E_Tm3EE3OGixx2,https://drive.google.com/open?id=1h-krWiNw3bKbVS9dauA6mR9VozG80aSm,https://drive.google.com/open?id=1yE9KM35iYG3L-2fKjn2u56oR1haYgQ1H,,https://drive.google.com/open?id=1hXIlrqBuSer299twsCsNAQgbir_nhBuX,,Diploma in Tool & Die Making,,,
6/2/2026 20:14:41,sohamgawade449922@gmail.com,SOHAM SANTOSH GAWADE,7303950488,Male,2/2/2007,General (Open),,https://drive.google.com/open?id=1rwD_yYUTQht52KvTsM9lk1dLhjCryUQH,https://drive.google.com/open?id=181PuqeBg9YEer74RRUo9drqR4aY65P8u,https://drive.google.com/open?id=1q_5NZSeAXv559f_aTHWga_pmN7s70EOl,https://drive.google.com/open?id=1SsaV_r__dwXgry2C3xmvQ7YWdKY7VCxI,,Diploma in 3D Animation and Graphics,,,
6/3/2026 12:59:21,divyanshuhawelikar@gmail.com,DIVYANSHU BABAN HAWELIKAR,9619488938,Male,12/26/2009,General (Open),,https://drive.google.com/open?id=1MP-HVnc-q76uak61DhwU5-P4_uWJ2qhB,https://drive.google.com/open?id=1z5mFfH6l0iI_6B8-2yYeE-YlzcRczXMG,https://drive.google.com/open?id=1lTWJKku-Bg1ymY0f2aOW_c2gyPa1jUu0,https://drive.google.com/open?id=1GDbLWVVdhpV5YA8G7ki_90jK8N0n8FLd,,Diploma in Mechatronics and Robotics,,,
6/3/2026 21:31:18,kadamamruta1208@gmail.com,AMRUTA DHANESH KADAM,9769762724,Female,2/12/2008,General (Open),,https://drive.google.com/open?id=1Ik5e5Yjm87QT5cB4rZhEw5zLOr9AG-Va,https://drive.google.com/open?id=16Zma6F-WbCkChPCfZ9DE83vLcbPNIV_e,https://drive.google.com/open?id=1e9dfLfyirIuoF52WbD4Am3jv52N8nQzu,https://drive.google.com/open?id=15Q9rmKnJ1okEWV3RPMvsnsB93I8zDq2q,,Diploma in 3D Animation and Graphics,,,
6/4/2026 14:37:32,rutujaspawar093@gmail.com,JAYESH SHAHAJI PAWAR ,9987510900,Male,5/22/2011,Others,https://drive.google.com/open?id=14YJRylBlWicAFPYFI-UDF3EYm5mRbLTT,https://drive.google.com/open?id=1HJwGPypt1C-zD7jcfCptyPrRy9JTR4D7,https://drive.google.com/open?id=1_lFY6wLhxS11bMygAFh-9bWuPl3HRmAq,,https://drive.google.com/open?id=1ZpS809m8fcy_x30I_eg_l8Ij78xqAhce,,Diploma in Mechatronics and Robotics,,,
6/4/2026 17:28:02,swayamsakpal786@gmail.com,SWAYAM PRAMOD SAKPAL,9820766921,Male,4/7/2007,Schedule Caste (SC),https://drive.google.com/open?id=1K6u3rqzO1dLg7WQx-qwhyajRZjZm5TYP,https://drive.google.com/open?id=1EVZchAlTA-7X8P1GyJRHKhYyf6qg6VPF,https://drive.google.com/open?id=1EmiL3NqvIP7TRStvOg8tnLMK3bjNWYID,https://drive.google.com/open?id=1eGzTFD_zYhrt_Cbf5V8Ho5v1AgxldrVW,https://drive.google.com/open?id=1DFh_Bj0R8Db7XzbFYIsdkKBIzegmt4QA,,Diploma in 3D Animation and Graphics,,,
6/4/2026 17:32:38,advitaukirde@gmail.com,ADVITA SUNIL UKIRDE,8451922990,Female,4/6/2011,Other Backward Classes (OBC),https://drive.google.com/open?id=1w6Rzgb_QpaUvwb-0i2eWWjeqKchFqpo3,https://drive.google.com/open?id=17wtlha8IN7dPue-OOQmBh4xsM95rjaGQ,https://drive.google.com/open?id=1Qp2zTGXBBpIXloTwcvwST6k7NtmqkZJZ,https://drive.google.com/open?id=1aFrDmWCItHHRjT8CxrAFPBcbLcnor05w,https://drive.google.com/open?id=1tWqHCwFb7_UyHRz-aC5ZJMiNaGh7TqBg,,Diploma in 3D Animation and Graphics,,,
6/4/2026 17:44:09,advitaukirde@gmail.com,ADVITA SUNIL UKIRDE ,8451922990,Female,4/6/2011,Other Backward Classes (OBC),https://drive.google.com/open?id=1WrwNydgPVJh1vKtrt6DfprW1zNw4IyNk,https://drive.google.com/open?id=1hriDVBQfkncrjd-v6HX4Jwb8qt5qV-0I,https://drive.google.com/open?id=1On82YnrdZBbf8HiOsSqRFK1JFP9moSf-,https://drive.google.com/open?id=1wjXYtfB5nMKfB9m3O6i1J1PTfp6EvoIf,https://drive.google.com/open?id=1cichr9tN_gAw6G7t0WZ8_E3a9U3mJFzM,Pay,Diploma in 3D Animation and Graphics,,,
6/4/2026 22:15:38,kambledinesh287@gmail.com,DINESH SANTOSH KAMBLE,8451092249,Male,12/27/2004,Schedule Caste (SC),https://drive.google.com/open?id=1UrCemlxtpuG0ZsLuLhqnm2XlU2x_F9Uc,https://drive.google.com/open?id=1DTAFrqYh8wsNeWGpF3rsbEj_eK57Wuj1,https://drive.google.com/open?id=1psG5wrvqc5aIL_bQKm_WsVJ4F4TLzwPE,,https://drive.google.com/open?id=1LvcR7AOBzEPnF4Mum_A9eRtZfL8ImTlx,,Diploma in Tool & Die Making,,,
6/4/2026 22:18:40,kambledinesh287@gmail.com,DINESH SANTOSH KAMBLE,8451092249,Male,12/27/2004,Schedule Caste (SC),https://drive.google.com/open?id=1grUXyCKQGaxhhDk2IIICtG9Ql47SMocT,https://drive.google.com/open?id=15p1Y_vWT8nXFXT_r2iXwDA_EP_fhZDAw,https://drive.google.com/open?id=10M5ksMHCGCAKdjJsr0_hMhsdz6IUWf0N,,https://drive.google.com/open?id=162WDSSNP6U94ZYuhTFLHWuzT808ApuRo,,Diploma in Tool & Die Making,,,
6/5/2026 8:51:09,7488536589chhotu@gmail.com,CHHOTU KUMAR,9798053186,Male,2/8/2002,Schedule Caste (SC),https://drive.google.com/open?id=1k4kHBAnSkRhs1ZjZ654lBJ-nLdoPQPzB,https://drive.google.com/open?id=1Mq3dO6_k9I87NROlFUNd2ZQUh5sH1yjy,https://drive.google.com/open?id=1wGAz0QBY70eR88uckRmpRakJZoZF8rxJ,https://drive.google.com/open?id=13HJiQviMt-3Gvu-YqLOtnEhZqXXiDUpV,https://drive.google.com/open?id=10AcQxcEg4mys0wd7nq7ftjcPnpGrWeSX,,Diploma in Tool & Die Making,,,
6/5/2026 9:56:49,manishthombare9810@gmail.com,Manish Thombare ,9325165784,Male,3/17/2003,Other Backward Classes (OBC),https://drive.google.com/open?id=1OqAtZ9YbqMCbPaNNFNjHqv2x8OD8_FQN,https://drive.google.com/open?id=1xaW1-NTk12U_xRnLGWUQ0d05BoWv8kiw,https://drive.google.com/open?id=1FnuYM-jDju3OSi8CkUINh7yqXqT4znCj,https://drive.google.com/open?id=1aX0BUkjqgTXuIm1Xj7a9r3FhKHgM5T9N,https://drive.google.com/open?id=1U89uGPOVJHB-WS5FD_xcLW8ATqCdMJFU,Payment done ,Diploma in Tool & Die Making,,,
6/5/2026 10:51:29,fijukhan408@gmail.com,ZAIN FEROZ KHAN,9987197629,Male,2/16/2009,General (Open),,https://drive.google.com/open?id=1qv7HrGcuAhXQScn_VfUNN1E1FI6_ZWT0,https://drive.google.com/open?id=19GAFcCivHyE_x11n9_Ik-fUj5aJnjYHG,https://drive.google.com/open?id=1dfllDFBa4q0Mooin6s62CYU9JpLUPstN,https://drive.google.com/open?id=1nR0f7ar_ba6YQ2wCILHq7gMBxYUB0ba6,,Diploma in 3D Animation and Graphics,,,
6/5/2026 13:03:53,soul.shardul@gmail.com,Shardul Mahesh Sutar ,8928992307,Male,8/14/2008,Other Backward Classes (OBC),https://drive.google.com/open?id=10W0enQ9l7nZz1FAaGiM4ogQsbBHjFlsu,https://drive.google.com/open?id=1ye1OXU_6NTxFK3DOyqA3zjig8EJO2EDC,https://drive.google.com/open?id=1taPR8S-Vw58qOw__O0qZvwbREPfYvEhr,https://drive.google.com/open?id=1c48anQgMk7xU7E4lVDvQXaGjcUhMlbkz,https://drive.google.com/open?id=1Av77zozQXeTojYFxRszXdCvBgNQg2KDw,,Diploma in 3D Animation and Graphics,,,
6/5/2026 14:52:39,pavarasahaji@gmail.com,JAYESH SHAHAJI PAWAR ,7021606374,Male,5/22/2011,Others,https://drive.google.com/open?id=1BhSna4mPOUR0aTGK_fsNW26jFt7KMQfN,https://drive.google.com/open?id=1o9tXf--XcEw8C9WK9KuVvXeJeV-h6wHY,https://drive.google.com/open?id=15p7Q1nqESSv6ssFhcBE32P9nalUQcvzL,,https://drive.google.com/open?id=1iBgpFyBMxHt622zIw7GLTwQb9oWrgtDN,,Diploma in Mechatronics and Robotics,,,
6/5/2026 18:27:15,grijeshshakya456@gmail.com,Grijesh kumar shakya ,9399629088,Male,2/2/1984,Schedule Caste (SC),https://drive.google.com/open?id=1uGBRKuhFBUYbVj1tYfmPq6QuGmtoHAbq,https://drive.google.com/open?id=1Mgtz90PupTATKo-r0Q4bZHaiyT1uWMah,https://drive.google.com/open?id=1hZT9Z1VCvuAuhhwN1pban4FfJTS5S8HM,https://drive.google.com/open?id=1vyNbHVa2MBNjBtBuATEodo2cT9FNdGIQ,https://drive.google.com/open?id=1qiCZiniXDUVSVfs8yMsxQ7-uLG9YvTVw,,Diploma in Tool & Die Making,,,
6/5/2026 20:44:25,monish.cg33@gmail.com,PRADEEP SUNIL JAMNIK ,9653253901,Male,5/10/2011,Schedule Caste (SC),https://drive.google.com/open?id=1VIHx8m0K6ad4mPEbR7Jsgz9lvsvFVV6w,https://drive.google.com/open?id=1i4aMZ6iupC_LEpkOIkVWnhPQcYX7yZkY,https://drive.google.com/open?id=1kok5K3ioXsUT1JGRv6H87t3skJ0LUg8k,https://drive.google.com/open?id=1UHOZBRRwzBbUmqENqjGXbQ0rXIAgQ_7q,https://drive.google.com/open?id=1agq3cRQPWFbKkQJ_R1K9sbWVdk5pidFU,,Diploma in Mechatronics and Robotics,,,
6/5/2026 21:02:11,andykamble78@gmail.com,ANISH SANTOSH SAWARDEKAR,9969601303,Male,7/13/2011,Schedule Caste (SC),,https://drive.google.com/open?id=1CXX7iYW5yCkoJGY5gczGIBFCk2bUMVO6,https://drive.google.com/open?id=1xlfOEr50QC9tPP2voxorW4OypvtuWNok,https://drive.google.com/open?id=1e4WioRdHRsPnUkjWuFeQkoFq5BT_xwxr,https://drive.google.com/open?id=1czL-1TJyri9eKo1D4DuukQ-LLpyBY2qF,done,Diploma in Mechatronics and Robotics,,,
6/6/2026 9:06:36,rahulkumar76359@gmail.com,RAHUL KUMAR ,8459821053,Male,4/13/1999,Schedule Caste (SC),https://drive.google.com/open?id=1U_BgS4Wy9AgybTvQfynkm2yt0fkRBC5l,https://drive.google.com/open?id=1iFXoDY_FHeGuYtA_dt8qKSbBadHlamUr,https://drive.google.com/open?id=1N8-ZUWcLlVVkA7x_tWuSiUouZnMi1Tou,,https://drive.google.com/open?id=1qDzlUUTbaLaq1aIs6s2fsU6YLyOD51Hn,,Diploma in Tool & Die Making,,,
6/6/2026 10:41:15,omkosbe630@gmail.com,OM MANGESH KOSBE,9309273531,Male,9/9/2007,Other Backward Classes (OBC),https://drive.google.com/open?id=1j9XTm0aV7CqaR1A2yOSg8kUsILjnWAij,https://drive.google.com/open?id=1Jk__9XjYAyaI1fAkq5g1bu-8S4epovRn,https://drive.google.com/open?id=1jBF8IwEFJvIc4pNaIMrdzxubOs8EaDq4,https://drive.google.com/open?id=1mFxbf2jtA6hjULukfg8opY8l3PegJmjS,https://drive.google.com/open?id=1AwAu-O2WXdZ9xoHKhu9cSiiAL2wwoHKw,,Diploma in Mechatronics and Robotics,,,
6/6/2026 13:49:39,mdsaifmdsaif89794@gmail.com,MD SAIF,9234155408,Male,4/25/2009,General (Open),,https://drive.google.com/open?id=11xn_gtko--UJB45o3Ox_EPo5iR4f8bSw,https://drive.google.com/open?id=1SQS8YRpmxr97LjSf1YFLBtFMADOG8ktt,https://drive.google.com/open?id=1qTQq3tST8cEjwY_tUhfIAAOMCQZ5iRq5,https://drive.google.com/open?id=1IyeWNdeVXCnhXvPC9uoe1oa92vRatbXP,,Diploma in 3D Animation and Graphics,,,
6/6/2026 16:29:04,hellopragati.co@gmail.com,PRUTHVIRAJ PRITAM KAWADE ,8097457788,Male,10/24/2009,General (Open),,https://drive.google.com/open?id=1zeKDx5TYxI1sjsIRjt-2RUhdUbuHYp7b,https://drive.google.com/open?id=1Vr6XbXBe8SrC34R22BfoeIkAQWo41_6r,https://drive.google.com/open?id=1SMuDiFKO9X8ZxEocPrr7cp6yIZDW903z,https://drive.google.com/open?id=12iM_DVuLpgY4E-RmSiN1KsZXVTTU39IV,Done,Diploma in Mechatronics and Robotics,,,
6/6/2026 19:18:30,sharmia1980ereka@gmail.com,SHALOM SHETTY,8422889673,Male,11/21/2008,General (Open),,https://drive.google.com/open?id=10M6bNzG2N5xOQA5AeZqWue9ZXoG_EuK1,https://drive.google.com/open?id=1s_1eW5t2fpGlXE22alKPptFQqPZeFh17,https://drive.google.com/open?id=1UDY4uBFpFsOD9aajR5yjxH23004svQj7,https://drive.google.com/open?id=1I-3zpXYA5un-N_uep7RtnvF8wBYlJWUC,,Diploma in Mechatronics and Robotics,,,
6/8/2026 9:23:36,bhoiranurag32@gmail.com,ANURAG TANAJI BHOIR ,7517216291,Male,12/30/2003,Other Backward Classes (OBC),https://drive.google.com/open?id=156xl27VYPCRq1m3rbKwt5FL64MWnrzRC,https://drive.google.com/open?id=1rEYj5zRK7vP4cELmF7op2UI8jZiLTTvJ,https://drive.google.com/open?id=1-y3O8YInqW6znhf6z_GorVTsl4RLfajx,https://drive.google.com/open?id=1RPCYy8JIQehMERNH7q1HwcYN8D1nLuIY,https://drive.google.com/open?id=1JzSIC1KDj-yHyjvDU8aQoLlk4DOZUC4g,,Diploma in Tool & Die Making,,,
6/8/2026 12:55:49,samyak2414@gmail.com,SAMYAK DEEPAK JADHAV,8097763764,Male,4/24/2008,Schedule Caste (SC),https://drive.google.com/open?id=1LSD7XfOg-jhZ-1_2VrtGuuh0qJvuIfT9,https://drive.google.com/open?id=1iZYCK2kruu1KOSM4BAde31EjdWWd-ykS,https://drive.google.com/open?id=1M4WXG-XTk-QuQ6yJ8FkWNaPBLmrKhqtA,https://drive.google.com/open?id=1ncmZOGY5bO8w1-XvOU-s3tiX0PWEIyDF,https://drive.google.com/open?id=1n_ExUJnMMhk9xTHV63mzkYb-9ZSSFXOq,,Diploma in Mechatronics and Robotics,,,
6/8/2026 17:07:45,prathameshpunnase@gmail.com,Prathamesh Kishor Punnase ,9822618611,Male,9/29/2007,Other Backward Classes (OBC),https://drive.google.com/open?id=1iiOVKroXg2AI5NJye4vES56jUQc2Dycc,https://drive.google.com/open?id=1S38v3rNN4ShPWUW1hyf8qLQAp-N7cqXR,https://drive.google.com/open?id=1eS43ynQ6kifLyV_hXZE7geIpiJ-RZNS1,,https://drive.google.com/open?id=1dyo2B4XWx1OVEhqnZOo3ICuWWi-BUksL,,Diploma in Tool & Die Making,,,
6/8/2026 21:35:42,mrshivampal010@gmail.com,Shivam pal,8840029749,Male,9/4/2005,Other Backward Classes (OBC),https://drive.google.com/open?id=1KIg2-5S8TO9jl96Ay1j7RGwoasZLbSLq,https://drive.google.com/open?id=1UXWom7Y5aFBKlFWvFtam24d-ZFjI5V4f,https://drive.google.com/open?id=1Wej0-36M0NRQ5aqZlJ_jOf2IJOIlup91,https://drive.google.com/open?id=1PqPh7cPgIVh52qZABuvRS_OD0QMqE8sB,https://drive.google.com/open?id=12dhhkRN5AbkEV06X6LFHusoIn74l_wsZ,,Diploma in Mechatronics and Robotics,,,
6/8/2026 21:50:35,santoshpawar87793@gmail.com,MANTHAN SANTOSH PAWAR,9820881173,Male,2/28/2010,Others,,https://drive.google.com/open?id=1QtwwomOiOKozmF_zDZPyPVfqQHgkEH_T,https://drive.google.com/open?id=1WpZAupKR0Fcv_dfLJ9aDkx9Eg5ATKb9E,https://drive.google.com/open?id=1C7Ut4WUrEogFgi0Zd02BoHXJ_TyIVzWj,https://drive.google.com/open?id=1u4kfdN-XQw_H95oxqS3WIi7V-kj8S2Lv,,Diploma in Mechatronics and Robotics,,,
6/9/2026 13:04:31,recheyash@gmail.com,YASH RAGHUNATH RECHE,9399142033,Male,12/26/2007,Other Backward Classes (OBC),https://drive.google.com/open?id=1vcq7hcVRwRspOcSflTdU0UrnCsemJcq3,https://drive.google.com/open?id=16HDh90Pr_5z3yyC_HO_0WAAQ_tmRhBWX,https://drive.google.com/open?id=1VXDK5uY_HLnY98nIagO_2W_WqRVixNRx,https://drive.google.com/open?id=1QNTt1u7rCI8Hfe61hKi6lJjTvlev1vMm,https://drive.google.com/open?id=1uKjcnryMlQqI2adm87lqCO_ZX9IB9lVJ,,Diploma in Tool & Die Making,,,
6/9/2026 17:25:41,prathameshpunnase@gmail.com,Prathmesh kishor punnase ,7498882605,Male,9/29/2007,Other Backward Classes (OBC),https://drive.google.com/open?id=17TzdlZxS5gFPKj_H7PvPU_ZF9t7QOR_C,https://drive.google.com/open?id=1Ay3E10PiWj5HhDqJpF-RBg4AL8Wtc05s,https://drive.google.com/open?id=1dR2JHCfOhI6DrahWXGmlNeV1xD_baiZp,,https://drive.google.com/open?id=1rYDR4ACxdJD3FSH1dn18WDGwYfzZxBK6,Payment nahi hot ahe ,Diploma in Tool & Die Making,,,
6/9/2026 19:29:34,8506.lodh.ayush.svhs@gmail.com,AYUSH SANTOSH LODH ,7738376835,Male,10/19/2008,Other Backward Classes (OBC),https://drive.google.com/open?id=1wuGxEw51-3TjHQIRC6iMGmNfXYPXapZf,https://drive.google.com/open?id=1zAutIBnzoaC4FrmYqmrz2eRM00zbO3jF,https://drive.google.com/open?id=1S98nqyR4z-ewqwjvHQ3IDhlu6gCmo4xn,https://drive.google.com/open?id=1vfTz4vLdn7baPoy6jj6SPnlOdccRruA7,https://drive.google.com/open?id=1bhHdGpP6OVNCKM8Y7O1nXC4nV2HPe6gi,,Diploma in 3D Animation and Graphics,,,
6/10/2026 14:54:48,animation@idemi.org,HEMANT VIJAY JADHAV,9819469133,Male,10/23/2010,Schedule Caste (SC),https://drive.google.com/open?id=1N-98teYVIv5_9gZCBG5lxq1Pqme46PjY,https://drive.google.com/open?id=1ryZN79D41rWWhM5W9V7zVE9itBTejjN7,https://drive.google.com/open?id=1ES_GFExJu0EbGXPtR3McyqDEaOAxtpAe,https://drive.google.com/open?id=1mmHBggm8YCID2qK_KoQoWZF4sVOgHskK,https://drive.google.com/open?id=1XTLe8OzrqYQffbmri1DhsrIU_k30EBlY,Payment Made,Diploma in 3D Animation and Graphics,,,
6/11/2026 13:40:44,animation@idemi.org,Ankita Uttamrao Shinde,8652063911,Female,10/10/2010,Schedule Caste (SC),https://drive.google.com/open?id=1i94iuV3_Q-yzoPskz88L-ai3lWyGKMia,https://drive.google.com/open?id=1btlIG_ukLcihPMjfRetWAxwYI8MPhlfU,https://drive.google.com/open?id=1K6HDS8LnlIsCuoca2Az2d-eHEly-QcLB,https://drive.google.com/open?id=1yGkvLJICDy5mX7-5C1Qyq0nn0mlsL-tq,https://drive.google.com/open?id=12NNYiy1Blxukqs2SR1AWZbR39ogfG6CU,paid,Diploma in 3D Animation and Graphics,,,
6/11/2026 20:57:05,omadakhale8@gmail.com,OM ANKUSH ADAKHALE ,8850926808,Male,5/7/2008,Other Backward Classes (OBC),https://drive.google.com/open?id=1ILIEXN57PaoeodLA8buWnoCWF1WvW-Eo,https://drive.google.com/open?id=1C0R-5tePDgVPvj18RMayQ7y6JceITlBi,https://drive.google.com/open?id=1i0F78fqt2pOO6iXX8N07K4A-e-YjSIo8,https://drive.google.com/open?id=1Grbm67hY11lBa1dDByN9O52nJ8LmP93M,https://drive.google.com/open?id=1ZJRU2NHKAZKVeyYHbone8Zaqd5nHs0zY,,Diploma in Mechatronics and Robotics,,,
6/12/2026 12:12:24,pavarasahaji@gmail.com,JAYESH SHAHAJI PAWAR,7021606374,Male,5/22/2011,Others,https://drive.google.com/open?id=1vXURGuAZb_1TnmzSeObBxlol0ez5yJUV,https://drive.google.com/open?id=1Kwt5fRSLkIoCYJ6yGXir67qphnyXHcRs,https://drive.google.com/open?id=1iCOlOQIolP2Cs7itHoa1zibOiJ0GtIQk,,https://drive.google.com/open?id=1HXLax-PNVSU_aM_jf5Ym4grhaen19w1e,,Diploma in Mechatronics and Robotics,,,
6/13/2026 0:06:43,nikhilkam@gmail.com,Yashraj Nikhil Kamble,9372145490,Male,12/14/2010,Schedule Caste (SC),https://drive.google.com/open?id=17mQtPEYIyOUdzFfFdJ6LjIAz9iUgOZiE,https://drive.google.com/open?id=1B03tVRgA-fpgzisS-dUvTyXUhXa_Z8H_,https://drive.google.com/open?id=1otJSYf9E5mgHTDN_s3GOYy6RszNgxGhX,https://drive.google.com/open?id=1AWcWvStnzoe8Kd9ebiuD_UKxSIStCI5a,https://drive.google.com/open?id=1FemBMs113f5q_IKznPMEYP444kXFxVeB,YASHRAJ KAMBLE,Diploma in Mechatronics and Robotics,,,
6/13/2026 11:58:09,arjunkannan917@gmail.com,ARJUN KANNAN YADAV ,9326236835,Male,6/1/2010,General (Open),,https://drive.google.com/open?id=15qyWVLPcuyuzIwpCy-h4ineyyxtFcUn8,https://drive.google.com/open?id=1n4Pf-aioyROfhxvu_syR3IhyiwUMXTMl,https://drive.google.com/open?id=1M-Z0g3x3oazQaWFTvQ1z8tCvc6jw3dls,https://drive.google.com/open?id=1M_H0cKncRRKIZnUaGC70bjI797_j_oon,Payment Done by mukesh kumar named account,Diploma in Mechatronics and Robotics,,,
,,,,,,,,,,,,,,,,
,,,,,,,,,,,,,,,,
,,,,,,,,,,,,,,,.,